[2026-08-24 12:07:26] local.ERROR: No application encryption key has been specified. {"exception":"[object] (Illuminate\\Encryption\\MissingAppKeyException(code: 0): No application encryption key has been specified. at /var/www/html/vendor/laravel/framework/src/Illuminate/Encryption/EncryptionServiceProvider.php:83)
[stacktrace]
#0 /var/www/html/vendor/laravel/framework/src/Illuminate/Support/helpers.php(393): Illuminate\\Encryption\\EncryptionServiceProvider->{closure:Illuminate\\Encryption\\EncryptionServiceProvider::key():81}(NULL)
#1 /var/www/html/vendor/laravel/framework/src/Illuminate/Encryption/EncryptionServiceProvider.php(81): tap(NULL, Object(Closure))
#2 /var/www/html/vendor/laravel/framework/src/Illuminate/Encryption/EncryptionServiceProvider.php(64): Illuminate\\Encryption\\EncryptionServiceProvider->key(Array)
#3 /var/www/html/vendor/laravel/framework/src/Illuminate/Encryption/EncryptionServiceProvider.php(32): Illuminate\\Encryption\\EncryptionServiceProvider->parseKey(Array)
#4 /var/www/html/vendor/laravel/framework/src/Illuminate/Container/Container.php(1138): Illuminate\\Encryption\\EncryptionServiceProvider->{closure:Illuminate\\Encryption\\EncryptionServiceProvider::registerEncrypter():29}(Object(Illuminate\\Foundation\\Application), Array)
#5 /var/www/html/vendor/laravel/framework/src/Illuminate/Container/Container.php(937): Illuminate\\Container\\Container->build(Object(Closure))
#6 /var/www/html/vendor/laravel/framework/src/Illuminate/Foundation/Application.php(1085): Illuminate\\Container\\Container->resolve('encrypter', Array, true)
#7 /var/www/html/vendor/laravel/framework/src/Illuminate/Container/Container.php(865): Illuminate\\Foundation\\Application->resolve('encrypter', Array)
#8 /var/www/html/vendor/laravel/framework/src/Illuminate/Foundation/Application.php(1065): Illuminate\\Container\\Container->make('encrypter', Array)
#9 /var/www/html/vendor/laravel/framework/src/Illuminate/Container/Container.php(1359): Illuminate\\Foundation\\Application->make('encrypter')
#10 /var/www/html/vendor/laravel/framework/src/Illuminate/Container/Container.php(1260): Illuminate\\Container\\Container->resolveClass(Object(ReflectionParameter), 'Illuminate\\\\Cont...')
#11 /var/www/html/vendor/laravel/framework/src/Illuminate/Container/Container.php(1185): Illuminate\\Container\\Container->resolveDependencies(Array)
#12 /var/www/html/vendor/laravel/framework/src/Illuminate/Container/Container.php(937): Illuminate\\Container\\Container->build('Illuminate\\\\Cook...')
#13 /var/www/html/vendor/laravel/framework/src/Illuminate/Foundation/Application.php(1085): Illuminate\\Container\\Container->resolve('Illuminate\\\\Cook...', Array, true)
#14 /var/www/html/vendor/laravel/framework/src/Illuminate/Container/Container.php(865): Illuminate\\Foundation\\Application->resolve('Illuminate\\\\Cook...', Array)
#15 /var/www/html/vendor/laravel/framework/src/Illuminate/Foundation/Application.php(1065): Illuminate\\Container\\Container->make('Illuminate\\\\Cook...', Array)
#16 /var/www/html/vendor/laravel/framework/src/Illuminate/Pipeline/Pipeline.php(208): Illuminate\\Foundation\\Application->make('Illuminate\\\\Cook...')
#17 /var/www/html/vendor/laravel/framework/src/Illuminate/Pipeline/Pipeline.php(137): Illuminate\\Pipeline\\Pipeline->{closure:{closure:Illuminate\\Pipeline\\Pipeline::carry():194}:195}(Object(Illuminate\\Http\\Request))
#18 /var/www/html/vendor/laravel/framework/src/Illuminate/Routing/Router.php(821): Illuminate\\Pipeline\\Pipeline->then(Object(Closure))
#19 /var/www/html/vendor/laravel/framework/src/Illuminate/Routing/Router.php(800): Illuminate\\Routing\\Router->runRouteWithinStack(Object(Illuminate\\Routing\\Route), Object(Illuminate\\Http\\Request))
#20 /var/www/html/vendor/laravel/framework/src/Illuminate/Routing/Router.php(764): Illuminate\\Routing\\Router->runRoute(Object(Illuminate\\Http\\Request), Object(Illuminate\\Routing\\Route))
#21 /var/www/html/vendor/laravel/framework/src/Illuminate/Routing/Router.php(753): Illuminate\\Routing\\Router->dispatchToRoute(Object(Illuminate\\Http\\Request))
#22 /var/www/html/vendor/laravel/framework/src/Illuminate/Foundation/Http/Kernel.php(200): Illuminate\\Routing\\Router->dispatch(Object(Illuminate\\Http\\Request))
#23 /var/www/html/vendor/laravel/framework/src/Illuminate/Pipeline/Pipeline.php(180): Illuminate\\Foundation\\Http\\Kernel->{closure:Illuminate\\Foundation\\Http\\Kernel::dispatchToRouter():197}(Object(Illuminate\\Http\\Request))
#24 /var/www/html/vendor/laravel/framework/src/Illuminate/Foundation/Http/Middleware/TransformsRequest.php(21): Illuminate\\Pipeline\\Pipeline->{closure:Illuminate\\Pipeline\\Pipeline::prepareDestination():178}(Object(Illuminate\\Http\\Request))
#25 /var/www/html/vendor/laravel/framework/src/Illuminate/Foundation/Http/Middleware/ConvertEmptyStringsToNull.php(31): Illuminate\\Foundation\\Http\\Middleware\\TransformsRequest->handle(Object(Illuminate\\Http\\Request), Object(Closure))
#26 /var/www/html/vendor/laravel/framework/src/Illuminate/Pipeline/Pipeline.php(219): Illuminate\\Foundation\\Http\\Middleware\\ConvertEmptyStringsToNull->handle(Object(Illuminate\\Http\\Request), Object(Closure))
#27 /var/www/html/vendor/laravel/framework/src/Illuminate/Foundation/Http/Middleware/TransformsRequest.php(21): Illuminate\\Pipeline\\Pipeline->{closure:{closure:Illuminate\\Pipeline\\Pipeline::carry():194}:195}(Object(Illuminate\\Http\\Request))
#28 /var/www/html/vendor/laravel/framework/src/Illuminate/Foundation/Http/Middleware/TrimStrings.php(51): Illuminate\\Foundation\\Http\\Middleware\\TransformsRequest->handle(Object(Illuminate\\Http\\Request), Object(Closure))
#29 /var/www/html/vendor/laravel/framework/src/Illuminate/Pipeline/Pipeline.php(219): Illuminate\\Foundation\\Http\\Middleware\\TrimStrings->handle(Object(Illuminate\\Http\\Request), Object(Closure))
#30 /var/www/html/vendor/laravel/framework/src/Illuminate/Http/Middleware/ValidatePostSize.php(27): Illuminate\\Pipeline\\Pipeline->{closure:{closure:Illuminate\\Pipeline\\Pipeline::carry():194}:195}(Object(Illuminate\\Http\\Request))
#31 /var/www/html/vendor/laravel/framework/src/Illuminate/Pipeline/Pipeline.php(219): Illuminate\\Http\\Middleware\\ValidatePostSize->handle(Object(Illuminate\\Http\\Request), Object(Closure))
#32 /var/www/html/vendor/laravel/framework/src/Illuminate/Foundation/Http/Middleware/PreventRequestsDuringMaintenance.php(110): Illuminate\\Pipeline\\Pipeline->{closure:{closure:Illuminate\\Pipeline\\Pipeline::carry():194}:195}(Object(Illuminate\\Http\\Request))
#33 /var/www/html/vendor/laravel/framework/src/Illuminate/Pipeline/Pipeline.php(219): Illuminate\\Foundation\\Http\\Middleware\\PreventRequestsDuringMaintenance->handle(Object(Illuminate\\Http\\Request), Object(Closure))
#34 /var/www/html/vendor/laravel/framework/src/Illuminate/Http/Middleware/HandleCors.php(61): Illuminate\\Pipeline\\Pipeline->{closure:{closure:Illuminate\\Pipeline\\Pipeline::carry():194}:195}(Object(Illuminate\\Http\\Request))
#35 /var/www/html/vendor/laravel/framework/src/Illuminate/Pipeline/Pipeline.php(219): Illuminate\\Http\\Middleware\\HandleCors->handle(Object(Illuminate\\Http\\Request), Object(Closure))
#36 /var/www/html/vendor/laravel/framework/src/Illuminate/Http/Middleware/TrustProxies.php(58): Illuminate\\Pipeline\\Pipeline->{closure:{closure:Illuminate\\Pipeline\\Pipeline::carry():194}:195}(Object(Illuminate\\Http\\Request))
#37 /var/www/html/vendor/laravel/framework/src/Illuminate/Pipeline/Pipeline.php(219): Illuminate\\Http\\Middleware\\TrustProxies->handle(Object(Illuminate\\Http\\Request), Object(Closure))
#38 /var/www/html/vendor/laravel/framework/src/Illuminate/Foundation/Http/Middleware/InvokeDeferredCallbacks.php(22): Illuminate\\Pipeline\\Pipeline->{closure:{closure:Illuminate\\Pipeline\\Pipeline::carry():194}:195}(Object(Illuminate\\Http\\Request))
#39 /var/www/html/vendor/laravel/framework/src/Illuminate/Pipeline/Pipeline.php(219): Illuminate\\Foundation\\Http\\Middleware\\InvokeDeferredCallbacks->handle(Object(Illuminate\\Http\\Request), Object(Closure))
#40 /var/www/html/vendor/laravel/framework/src/Illuminate/Http/Middleware/ValidatePathEncoding.php(28): Illuminate\\Pipeline\\Pipeline->{closure:{closure:Illuminate\\Pipeline\\Pipeline::carry():194}:195}(Object(Illuminate\\Http\\Request))
#41 /var/www/html/vendor/laravel/framework/src/Illuminate/Pipeline/Pipeline.php(219): Illuminate\\Http\\Middleware\\ValidatePathEncoding->handle(Object(Illuminate\\Http\\Request), Object(Closure))
#42 /var/www/html/vendor/laravel/framework/src/Illuminate/Pipeline/Pipeline.php(137): Illuminate\\Pipeline\\Pipeline->{closure:{closure:Illuminate\\Pipeline\\Pipeline::carry():194}:195}(Object(Illuminate\\Http\\Request))
#43 /var/www/html/vendor/laravel/framework/src/Illuminate/Foundation/Http/Kernel.php(175): Illuminate\\Pipeline\\Pipeline->then(Object(Closure))
#44 /var/www/html/vendor/laravel/framework/src/Illuminate/Foundation/Http/Kernel.php(144): Illuminate\\Foundation\\Http\\Kernel->sendRequestThroughRouter(Object(Illuminate\\Http\\Request))
#45 /var/www/html/vendor/laravel/framework/src/Illuminate/Foundation/Application.php(1227): Illuminate\\Foundation\\Http\\Kernel->handle(Object(Illuminate\\Http\\Request))
#46 /var/www/html/public/index.php(20): Illuminate\\Foundation\\Application->handleRequest(Object(Illuminate\\Http\\Request))
#47 {main}
"} 
[2026-08-24 12:07:27] local.ERROR: No application encryption key has been specified. {"exception":"[object] (Illuminate\\Encryption\\MissingAppKeyException(code: 0): No application encryption key has been specified. at /var/www/html/vendor/laravel/framework/src/Illuminate/Encryption/EncryptionServiceProvider.php:83)
[stacktrace]
#0 /var/www/html/vendor/laravel/framework/src/Illuminate/Support/helpers.php(393): Illuminate\\Encryption\\EncryptionServiceProvider->{closure:Illuminate\\Encryption\\EncryptionServiceProvider::key():81}(NULL)
#1 /var/www/html/vendor/laravel/framework/src/Illuminate/Encryption/EncryptionServiceProvider.php(81): tap(NULL, Object(Closure))
#2 /var/www/html/vendor/laravel/framework/src/Illuminate/Encryption/EncryptionServiceProvider.php(64): Illuminate\\Encryption\\EncryptionServiceProvider->key(Array)
#3 /var/www/html/vendor/laravel/framework/src/Illuminate/Encryption/EncryptionServiceProvider.php(32): Illuminate\\Encryption\\EncryptionServiceProvider->parseKey(Array)
#4 /var/www/html/vendor/laravel/framework/src/Illuminate/Container/Container.php(1138): Illuminate\\Encryption\\EncryptionServiceProvider->{closure:Illuminate\\Encryption\\EncryptionServiceProvider::registerEncrypter():29}(Object(Illuminate\\Foundation\\Application), Array)
#5 /var/www/html/vendor/laravel/framework/src/Illuminate/Container/Container.php(937): Illuminate\\Container\\Container->build(Object(Closure))
#6 /var/www/html/vendor/laravel/framework/src/Illuminate/Foundation/Application.php(1085): Illuminate\\Container\\Container->resolve('encrypter', Array, true)
#7 /var/www/html/vendor/laravel/framework/src/Illuminate/Container/Container.php(865): Illuminate\\Foundation\\Application->resolve('encrypter', Array)
#8 /var/www/html/vendor/laravel/framework/src/Illuminate/Foundation/Application.php(1065): Illuminate\\Container\\Container->make('encrypter', Array)
#9 /var/www/html/vendor/laravel/framework/src/Illuminate/Container/Container.php(1359): Illuminate\\Foundation\\Application->make('encrypter')
#10 /var/www/html/vendor/laravel/framework/src/Illuminate/Container/Container.php(1260): Illuminate\\Container\\Container->resolveClass(Object(ReflectionParameter), 'Illuminate\\\\Cont...')
#11 /var/www/html/vendor/laravel/framework/src/Illuminate/Container/Container.php(1185): Illuminate\\Container\\Container->resolveDependencies(Array)
#12 /var/www/html/vendor/laravel/framework/src/Illuminate/Container/Container.php(937): Illuminate\\Container\\Container->build('Illuminate\\\\Cook...')
#13 /var/www/html/vendor/laravel/framework/src/Illuminate/Foundation/Application.php(1085): Illuminate\\Container\\Container->resolve('Illuminate\\\\Cook...', Array, true)
#14 /var/www/html/vendor/laravel/framework/src/Illuminate/Container/Container.php(865): Illuminate\\Foundation\\Application->resolve('Illuminate\\\\Cook...', Array)
#15 /var/www/html/vendor/laravel/framework/src/Illuminate/Foundation/Application.php(1065): Illuminate\\Container\\Container->make('Illuminate\\\\Cook...', Array)
#16 /var/www/html/vendor/laravel/framework/src/Illuminate/Foundation/Http/Kernel.php(257): Illuminate\\Foundation\\Application->make('Illuminate\\\\Cook...')
#17 /var/www/html/vendor/laravel/framework/src/Illuminate/Foundation/Http/Kernel.php(215): Illuminate\\Foundation\\Http\\Kernel->terminateMiddleware(Object(Illuminate\\Http\\Request), Object(Illuminate\\Http\\Response))
#18 /var/www/html/vendor/laravel/framework/src/Illuminate/Foundation/Application.php(1229): Illuminate\\Foundation\\Http\\Kernel->terminate(Object(Illuminate\\Http\\Request), Object(Illuminate\\Http\\Response))
#19 /var/www/html/public/index.php(20): Illuminate\\Foundation\\Application->handleRequest(Object(Illuminate\\Http\\Request))
#20 {main}
"} 
[2026-08-24 12:07:27] local.ERROR: Uncaught ErrorException: Cannot modify header information - headers already sent in /var/www/html/vendor/symfony/http-foundation/Response.php:328
Stack trace:
#0 /var/www/html/vendor/laravel/framework/src/Illuminate/Foundation/Bootstrap/HandleExceptions.php(263): Illuminate\Foundation\Bootstrap\HandleExceptions->handleError(2, 'Cannot modify h...', '/var/www/html/v...', 328)
#1 [internal function]: Illuminate\Foundation\Bootstrap\HandleExceptions->{closure:Illuminate\Foundation\Bootstrap\HandleExceptions::forwardsTo():262}(2, 'Cannot modify h...', '/var/www/html/v...', 328)
#2 /var/www/html/vendor/symfony/http-foundation/Response.php(328): header('HTTP/1.1 500 In...', true, 500)
#3 /var/www/html/vendor/symfony/http-foundation/Response.php(407): Symfony\Component\HttpFoundation\Response->sendHeaders()
#4 /var/www/html/vendor/laravel/framework/src/Illuminate/Foundation/Bootstrap/HandleExceptions.php(226): Symfony\Component\HttpFoundation\Response->send()
#5 /var/www/html/vendor/laravel/framework/src/Illuminate/Foundation/Bootstrap/HandleExceptions.php(203): Illuminate\Foundation\Bootstrap\HandleExceptions->renderHttpResponse(Object(Illuminate\Encryption\MissingAppKeyException))
#6 /var/www/html/vendor/laravel/framework/src/Illuminate/Foundation/Bootstrap/HandleExceptions.php(263): Illuminate\Foundation\Bootstrap\HandleExceptions->handleException(Object(Illuminate\Encryption\MissingAppKeyException))
#7 [internal function]: Illuminate\Foundation\Bootstrap\HandleExceptions->{closure:Illuminate\Foundation\Bootstrap\HandleExceptions::forwardsTo():262}(Object(Illuminate\Encryption\MissingAppKeyException))
#8 {main}
  thrown {"exception":"[object] (Symfony\\Component\\ErrorHandler\\Error\\FatalError(code: 0): Uncaught ErrorException: Cannot modify header information - headers already sent in /var/www/html/vendor/symfony/http-foundation/Response.php:328
Stack trace:
#0 /var/www/html/vendor/laravel/framework/src/Illuminate/Foundation/Bootstrap/HandleExceptions.php(263): Illuminate\\Foundation\\Bootstrap\\HandleExceptions->handleError(2, 'Cannot modify h...', '/var/www/html/v...', 328)
#1 [internal function]: Illuminate\\Foundation\\Bootstrap\\HandleExceptions->{closure:Illuminate\\Foundation\\Bootstrap\\HandleExceptions::forwardsTo():262}(2, 'Cannot modify h...', '/var/www/html/v...', 328)
#2 /var/www/html/vendor/symfony/http-foundation/Response.php(328): header('HTTP/1.1 500 In...', true, 500)
#3 /var/www/html/vendor/symfony/http-foundation/Response.php(407): Symfony\\Component\\HttpFoundation\\Response->sendHeaders()
#4 /var/www/html/vendor/laravel/framework/src/Illuminate/Foundation/Bootstrap/HandleExceptions.php(226): Symfony\\Component\\HttpFoundation\\Response->send()
#5 /var/www/html/vendor/laravel/framework/src/Illuminate/Foundation/Bootstrap/HandleExceptions.php(203): Illuminate\\Foundation\\Bootstrap\\HandleExceptions->renderHttpResponse(Object(Illuminate\\Encryption\\MissingAppKeyException))
#6 /var/www/html/vendor/laravel/framework/src/Illuminate/Foundation/Bootstrap/HandleExceptions.php(263): Illuminate\\Foundation\\Bootstrap\\HandleExceptions->handleException(Object(Illuminate\\Encryption\\MissingAppKeyException))
#7 [internal function]: Illuminate\\Foundation\\Bootstrap\\HandleExceptions->{closure:Illuminate\\Foundation\\Bootstrap\\HandleExceptions::forwardsTo():262}(Object(Illuminate\\Encryption\\MissingAppKeyException))
#8 {main}
  thrown at /var/www/html/vendor/symfony/http-foundation/Response.php:328)
[stacktrace]
#0 {main}
"} 
[2026-08-24 12:24:01] local.ERROR: No application encryption key has been specified. {"exception":"[object] (Illuminate\\Encryption\\MissingAppKeyException(code: 0): No application encryption key has been specified. at /var/www/html/vendor/laravel/framework/src/Illuminate/Encryption/EncryptionServiceProvider.php:83)
[stacktrace]
#0 /var/www/html/vendor/laravel/framework/src/Illuminate/Support/helpers.php(393): Illuminate\\Encryption\\EncryptionServiceProvider->{closure:Illuminate\\Encryption\\EncryptionServiceProvider::key():81}(NULL)
#1 /var/www/html/vendor/laravel/framework/src/Illuminate/Encryption/EncryptionServiceProvider.php(81): tap(NULL, Object(Closure))
#2 /var/www/html/vendor/laravel/framework/src/Illuminate/Encryption/EncryptionServiceProvider.php(64): Illuminate\\Encryption\\EncryptionServiceProvider->key(Array)
#3 /var/www/html/vendor/laravel/framework/src/Illuminate/Encryption/EncryptionServiceProvider.php(32): Illuminate\\Encryption\\EncryptionServiceProvider->parseKey(Array)
#4 /var/www/html/vendor/laravel/framework/src/Illuminate/Container/Container.php(1138): Illuminate\\Encryption\\EncryptionServiceProvider->{closure:Illuminate\\Encryption\\EncryptionServiceProvider::registerEncrypter():29}(Object(Illuminate\\Foundation\\Application), Array)
#5 /var/www/html/vendor/laravel/framework/src/Illuminate/Container/Container.php(937): Illuminate\\Container\\Container->build(Object(Closure))
#6 /var/www/html/vendor/laravel/framework/src/Illuminate/Foundation/Application.php(1085): Illuminate\\Container\\Container->resolve('encrypter', Array, true)
#7 /var/www/html/vendor/laravel/framework/src/Illuminate/Container/Container.php(865): Illuminate\\Foundation\\Application->resolve('encrypter', Array)
#8 /var/www/html/vendor/laravel/framework/src/Illuminate/Foundation/Application.php(1065): Illuminate\\Container\\Container->make('encrypter', Array)
#9 /var/www/html/vendor/laravel/framework/src/Illuminate/Container/Container.php(1359): Illuminate\\Foundation\\Application->make('encrypter')
#10 /var/www/html/vendor/laravel/framework/src/Illuminate/Container/Container.php(1260): Illuminate\\Container\\Container->resolveClass(Object(ReflectionParameter), 'Illuminate\\\\Cont...')
#11 /var/www/html/vendor/laravel/framework/src/Illuminate/Container/Container.php(1185): Illuminate\\Container\\Container->resolveDependencies(Array)
#12 /var/www/html/vendor/laravel/framework/src/Illuminate/Container/Container.php(937): Illuminate\\Container\\Container->build('Illuminate\\\\Cook...')
#13 /var/www/html/vendor/laravel/framework/src/Illuminate/Foundation/Application.php(1085): Illuminate\\Container\\Container->resolve('Illuminate\\\\Cook...', Array, true)
#14 /var/www/html/vendor/laravel/framework/src/Illuminate/Container/Container.php(865): Illuminate\\Foundation\\Application->resolve('Illuminate\\\\Cook...', Array)
#15 /var/www/html/vendor/laravel/framework/src/Illuminate/Foundation/Application.php(1065): Illuminate\\Container\\Container->make('Illuminate\\\\Cook...', Array)
#16 /var/www/html/vendor/laravel/framework/src/Illuminate/Pipeline/Pipeline.php(208): Illuminate\\Foundation\\Application->make('Illuminate\\\\Cook...')
#17 /var/www/html/vendor/laravel/framework/src/Illuminate/Pipeline/Pipeline.php(137): Illuminate\\Pipeline\\Pipeline->{closure:{closure:Illuminate\\Pipeline\\Pipeline::carry():194}:195}(Object(Illuminate\\Http\\Request))
#18 /var/www/html/vendor/laravel/framework/src/Illuminate/Routing/Router.php(821): Illuminate\\Pipeline\\Pipeline->then(Object(Closure))
#19 /var/www/html/vendor/laravel/framework/src/Illuminate/Routing/Router.php(800): Illuminate\\Routing\\Router->runRouteWithinStack(Object(Illuminate\\Routing\\Route), Object(Illuminate\\Http\\Request))
#20 /var/www/html/vendor/laravel/framework/src/Illuminate/Routing/Router.php(764): Illuminate\\Routing\\Router->runRoute(Object(Illuminate\\Http\\Request), Object(Illuminate\\Routing\\Route))
#21 /var/www/html/vendor/laravel/framework/src/Illuminate/Routing/Router.php(753): Illuminate\\Routing\\Router->dispatchToRoute(Object(Illuminate\\Http\\Request))
#22 /var/www/html/vendor/laravel/framework/src/Illuminate/Foundation/Http/Kernel.php(200): Illuminate\\Routing\\Router->dispatch(Object(Illuminate\\Http\\Request))
#23 /var/www/html/vendor/laravel/framework/src/Illuminate/Pipeline/Pipeline.php(180): Illuminate\\Foundation\\Http\\Kernel->{closure:Illuminate\\Foundation\\Http\\Kernel::dispatchToRouter():197}(Object(Illuminate\\Http\\Request))
#24 /var/www/html/vendor/laravel/framework/src/Illuminate/Foundation/Http/Middleware/TransformsRequest.php(21): Illuminate\\Pipeline\\Pipeline->{closure:Illuminate\\Pipeline\\Pipeline::prepareDestination():178}(Object(Illuminate\\Http\\Request))
#25 /var/www/html/vendor/laravel/framework/src/Illuminate/Foundation/Http/Middleware/ConvertEmptyStringsToNull.php(31): Illuminate\\Foundation\\Http\\Middleware\\TransformsRequest->handle(Object(Illuminate\\Http\\Request), Object(Closure))
#26 /var/www/html/vendor/laravel/framework/src/Illuminate/Pipeline/Pipeline.php(219): Illuminate\\Foundation\\Http\\Middleware\\ConvertEmptyStringsToNull->handle(Object(Illuminate\\Http\\Request), Object(Closure))
#27 /var/www/html/vendor/laravel/framework/src/Illuminate/Foundation/Http/Middleware/TransformsRequest.php(21): Illuminate\\Pipeline\\Pipeline->{closure:{closure:Illuminate\\Pipeline\\Pipeline::carry():194}:195}(Object(Illuminate\\Http\\Request))
#28 /var/www/html/vendor/laravel/framework/src/Illuminate/Foundation/Http/Middleware/TrimStrings.php(51): Illuminate\\Foundation\\Http\\Middleware\\TransformsRequest->handle(Object(Illuminate\\Http\\Request), Object(Closure))
#29 /var/www/html/vendor/laravel/framework/src/Illuminate/Pipeline/Pipeline.php(219): Illuminate\\Foundation\\Http\\Middleware\\TrimStrings->handle(Object(Illuminate\\Http\\Request), Object(Closure))
#30 /var/www/html/vendor/laravel/framework/src/Illuminate/Http/Middleware/ValidatePostSize.php(27): Illuminate\\Pipeline\\Pipeline->{closure:{closure:Illuminate\\Pipeline\\Pipeline::carry():194}:195}(Object(Illuminate\\Http\\Request))
#31 /var/www/html/vendor/laravel/framework/src/Illuminate/Pipeline/Pipeline.php(219): Illuminate\\Http\\Middleware\\ValidatePostSize->handle(Object(Illuminate\\Http\\Request), Object(Closure))
#32 /var/www/html/vendor/laravel/framework/src/Illuminate/Foundation/Http/Middleware/PreventRequestsDuringMaintenance.php(110): Illuminate\\Pipeline\\Pipeline->{closure:{closure:Illuminate\\Pipeline\\Pipeline::carry():194}:195}(Object(Illuminate\\Http\\Request))
#33 /var/www/html/vendor/laravel/framework/src/Illuminate/Pipeline/Pipeline.php(219): Illuminate\\Foundation\\Http\\Middleware\\PreventRequestsDuringMaintenance->handle(Object(Illuminate\\Http\\Request), Object(Closure))
#34 /var/www/html/vendor/laravel/framework/src/Illuminate/Http/Middleware/HandleCors.php(61): Illuminate\\Pipeline\\Pipeline->{closure:{closure:Illuminate\\Pipeline\\Pipeline::carry():194}:195}(Object(Illuminate\\Http\\Request))
#35 /var/www/html/vendor/laravel/framework/src/Illuminate/Pipeline/Pipeline.php(219): Illuminate\\Http\\Middleware\\HandleCors->handle(Object(Illuminate\\Http\\Request), Object(Closure))
#36 /var/www/html/vendor/laravel/framework/src/Illuminate/Http/Middleware/TrustProxies.php(58): Illuminate\\Pipeline\\Pipeline->{closure:{closure:Illuminate\\Pipeline\\Pipeline::carry():194}:195}(Object(Illuminate\\Http\\Request))
#37 /var/www/html/vendor/laravel/framework/src/Illuminate/Pipeline/Pipeline.php(219): Illuminate\\Http\\Middleware\\TrustProxies->handle(Object(Illuminate\\Http\\Request), Object(Closure))
#38 /var/www/html/vendor/laravel/framework/src/Illuminate/Foundation/Http/Middleware/InvokeDeferredCallbacks.php(22): Illuminate\\Pipeline\\Pipeline->{closure:{closure:Illuminate\\Pipeline\\Pipeline::carry():194}:195}(Object(Illuminate\\Http\\Request))
#39 /var/www/html/vendor/laravel/framework/src/Illuminate/Pipeline/Pipeline.php(219): Illuminate\\Foundation\\Http\\Middleware\\InvokeDeferredCallbacks->handle(Object(Illuminate\\Http\\Request), Object(Closure))
#40 /var/www/html/vendor/laravel/framework/src/Illuminate/Http/Middleware/ValidatePathEncoding.php(28): Illuminate\\Pipeline\\Pipeline->{closure:{closure:Illuminate\\Pipeline\\Pipeline::carry():194}:195}(Object(Illuminate\\Http\\Request))
#41 /var/www/html/vendor/laravel/framework/src/Illuminate/Pipeline/Pipeline.php(219): Illuminate\\Http\\Middleware\\ValidatePathEncoding->handle(Object(Illuminate\\Http\\Request), Object(Closure))
#42 /var/www/html/vendor/laravel/framework/src/Illuminate/Pipeline/Pipeline.php(137): Illuminate\\Pipeline\\Pipeline->{closure:{closure:Illuminate\\Pipeline\\Pipeline::carry():194}:195}(Object(Illuminate\\Http\\Request))
#43 /var/www/html/vendor/laravel/framework/src/Illuminate/Foundation/Http/Kernel.php(175): Illuminate\\Pipeline\\Pipeline->then(Object(Closure))
#44 /var/www/html/vendor/laravel/framework/src/Illuminate/Foundation/Http/Kernel.php(144): Illuminate\\Foundation\\Http\\Kernel->sendRequestThroughRouter(Object(Illuminate\\Http\\Request))
#45 /var/www/html/vendor/laravel/framework/src/Illuminate/Foundation/Application.php(1227): Illuminate\\Foundation\\Http\\Kernel->handle(Object(Illuminate\\Http\\Request))
#46 /var/www/html/public/index.php(20): Illuminate\\Foundation\\Application->handleRequest(Object(Illuminate\\Http\\Request))
#47 {main}
"} 
[2026-08-24 12:24:01] local.ERROR: No application encryption key has been specified. {"exception":"[object] (Illuminate\\Encryption\\MissingAppKeyException(code: 0): No application encryption key has been specified. at /var/www/html/vendor/laravel/framework/src/Illuminate/Encryption/EncryptionServiceProvider.php:83)
[stacktrace]
#0 /var/www/html/vendor/laravel/framework/src/Illuminate/Support/helpers.php(393): Illuminate\\Encryption\\EncryptionServiceProvider->{closure:Illuminate\\Encryption\\EncryptionServiceProvider::key():81}(NULL)
#1 /var/www/html/vendor/laravel/framework/src/Illuminate/Encryption/EncryptionServiceProvider.php(81): tap(NULL, Object(Closure))
#2 /var/www/html/vendor/laravel/framework/src/Illuminate/Encryption/EncryptionServiceProvider.php(64): Illuminate\\Encryption\\EncryptionServiceProvider->key(Array)
#3 /var/www/html/vendor/laravel/framework/src/Illuminate/Encryption/EncryptionServiceProvider.php(32): Illuminate\\Encryption\\EncryptionServiceProvider->parseKey(Array)
#4 /var/www/html/vendor/laravel/framework/src/Illuminate/Container/Container.php(1138): Illuminate\\Encryption\\EncryptionServiceProvider->{closure:Illuminate\\Encryption\\EncryptionServiceProvider::registerEncrypter():29}(Object(Illuminate\\Foundation\\Application), Array)
#5 /var/www/html/vendor/laravel/framework/src/Illuminate/Container/Container.php(937): Illuminate\\Container\\Container->build(Object(Closure))
#6 /var/www/html/vendor/laravel/framework/src/Illuminate/Foundation/Application.php(1085): Illuminate\\Container\\Container->resolve('encrypter', Array, true)
#7 /var/www/html/vendor/laravel/framework/src/Illuminate/Container/Container.php(865): Illuminate\\Foundation\\Application->resolve('encrypter', Array)
#8 /var/www/html/vendor/laravel/framework/src/Illuminate/Foundation/Application.php(1065): Illuminate\\Container\\Container->make('encrypter', Array)
#9 /var/www/html/vendor/laravel/framework/src/Illuminate/Container/Container.php(1359): Illuminate\\Foundation\\Application->make('encrypter')
#10 /var/www/html/vendor/laravel/framework/src/Illuminate/Container/Container.php(1260): Illuminate\\Container\\Container->resolveClass(Object(ReflectionParameter), 'Illuminate\\\\Cont...')
#11 /var/www/html/vendor/laravel/framework/src/Illuminate/Container/Container.php(1185): Illuminate\\Container\\Container->resolveDependencies(Array)
#12 /var/www/html/vendor/laravel/framework/src/Illuminate/Container/Container.php(937): Illuminate\\Container\\Container->build('Illuminate\\\\Cook...')
#13 /var/www/html/vendor/laravel/framework/src/Illuminate/Foundation/Application.php(1085): Illuminate\\Container\\Container->resolve('Illuminate\\\\Cook...', Array, true)
#14 /var/www/html/vendor/laravel/framework/src/Illuminate/Container/Container.php(865): Illuminate\\Foundation\\Application->resolve('Illuminate\\\\Cook...', Array)
#15 /var/www/html/vendor/laravel/framework/src/Illuminate/Foundation/Application.php(1065): Illuminate\\Container\\Container->make('Illuminate\\\\Cook...', Array)
#16 /var/www/html/vendor/laravel/framework/src/Illuminate/Foundation/Http/Kernel.php(257): Illuminate\\Foundation\\Application->make('Illuminate\\\\Cook...')
#17 /var/www/html/vendor/laravel/framework/src/Illuminate/Foundation/Http/Kernel.php(215): Illuminate\\Foundation\\Http\\Kernel->terminateMiddleware(Object(Illuminate\\Http\\Request), Object(Illuminate\\Http\\Response))
#18 /var/www/html/vendor/laravel/framework/src/Illuminate/Foundation/Application.php(1229): Illuminate\\Foundation\\Http\\Kernel->terminate(Object(Illuminate\\Http\\Request), Object(Illuminate\\Http\\Response))
#19 /var/www/html/public/index.php(20): Illuminate\\Foundation\\Application->handleRequest(Object(Illuminate\\Http\\Request))
#20 {main}
"} 
[2026-08-24 12:24:01] local.ERROR: Uncaught ErrorException: Cannot modify header information - headers already sent in /var/www/html/vendor/symfony/http-foundation/Response.php:328
Stack trace:
#0 /var/www/html/vendor/laravel/framework/src/Illuminate/Foundation/Bootstrap/HandleExceptions.php(263): Illuminate\Foundation\Bootstrap\HandleExceptions->handleError(2, 'Cannot modify h...', '/var/www/html/v...', 328)
#1 [internal function]: Illuminate\Foundation\Bootstrap\HandleExceptions->{closure:Illuminate\Foundation\Bootstrap\HandleExceptions::forwardsTo():262}(2, 'Cannot modify h...', '/var/www/html/v...', 328)
#2 /var/www/html/vendor/symfony/http-foundation/Response.php(328): header('HTTP/1.1 500 In...', true, 500)
#3 /var/www/html/vendor/symfony/http-foundation/Response.php(407): Symfony\Component\HttpFoundation\Response->sendHeaders()
#4 /var/www/html/vendor/laravel/framework/src/Illuminate/Foundation/Bootstrap/HandleExceptions.php(226): Symfony\Component\HttpFoundation\Response->send()
#5 /var/www/html/vendor/laravel/framework/src/Illuminate/Foundation/Bootstrap/HandleExceptions.php(203): Illuminate\Foundation\Bootstrap\HandleExceptions->renderHttpResponse(Object(Illuminate\Encryption\MissingAppKeyException))
#6 /var/www/html/vendor/laravel/framework/src/Illuminate/Foundation/Bootstrap/HandleExceptions.php(263): Illuminate\Foundation\Bootstrap\HandleExceptions->handleException(Object(Illuminate\Encryption\MissingAppKeyException))
#7 [internal function]: Illuminate\Foundation\Bootstrap\HandleExceptions->{closure:Illuminate\Foundation\Bootstrap\HandleExceptions::forwardsTo():262}(Object(Illuminate\Encryption\MissingAppKeyException))
#8 {main}
  thrown {"exception":"[object] (Symfony\\Component\\ErrorHandler\\Error\\FatalError(code: 0): Uncaught ErrorException: Cannot modify header information - headers already sent in /var/www/html/vendor/symfony/http-foundation/Response.php:328
Stack trace:
#0 /var/www/html/vendor/laravel/framework/src/Illuminate/Foundation/Bootstrap/HandleExceptions.php(263): Illuminate\\Foundation\\Bootstrap\\HandleExceptions->handleError(2, 'Cannot modify h...', '/var/www/html/v...', 328)
#1 [internal function]: Illuminate\\Foundation\\Bootstrap\\HandleExceptions->{closure:Illuminate\\Foundation\\Bootstrap\\HandleExceptions::forwardsTo():262}(2, 'Cannot modify h...', '/var/www/html/v...', 328)
#2 /var/www/html/vendor/symfony/http-foundation/Response.php(328): header('HTTP/1.1 500 In...', true, 500)
#3 /var/www/html/vendor/symfony/http-foundation/Response.php(407): Symfony\\Component\\HttpFoundation\\Response->sendHeaders()
#4 /var/www/html/vendor/laravel/framework/src/Illuminate/Foundation/Bootstrap/HandleExceptions.php(226): Symfony\\Component\\HttpFoundation\\Response->send()
#5 /var/www/html/vendor/laravel/framework/src/Illuminate/Foundation/Bootstrap/HandleExceptions.php(203): Illuminate\\Foundation\\Bootstrap\\HandleExceptions->renderHttpResponse(Object(Illuminate\\Encryption\\MissingAppKeyException))
#6 /var/www/html/vendor/laravel/framework/src/Illuminate/Foundation/Bootstrap/HandleExceptions.php(263): Illuminate\\Foundation\\Bootstrap\\HandleExceptions->handleException(Object(Illuminate\\Encryption\\MissingAppKeyException))
#7 [internal function]: Illuminate\\Foundation\\Bootstrap\\HandleExceptions->{closure:Illuminate\\Foundation\\Bootstrap\\HandleExceptions::forwardsTo():262}(Object(Illuminate\\Encryption\\MissingAppKeyException))
#8 {main}
  thrown at /var/www/html/vendor/symfony/http-foundation/Response.php:328)
[stacktrace]
#0 {main}
"} 
[2026-08-24 12:24:55] local.ERROR: No application encryption key has been specified. {"exception":"[object] (Illuminate\\Encryption\\MissingAppKeyException(code: 0): No application encryption key has been specified. at /var/www/html/vendor/laravel/framework/src/Illuminate/Encryption/EncryptionServiceProvider.php:83)
[stacktrace]
#0 /var/www/html/vendor/laravel/framework/src/Illuminate/Support/helpers.php(393): Illuminate\\Encryption\\EncryptionServiceProvider->{closure:Illuminate\\Encryption\\EncryptionServiceProvider::key():81}(NULL)
#1 /var/www/html/vendor/laravel/framework/src/Illuminate/Encryption/EncryptionServiceProvider.php(81): tap(NULL, Object(Closure))
#2 /var/www/html/vendor/laravel/framework/src/Illuminate/Encryption/EncryptionServiceProvider.php(64): Illuminate\\Encryption\\EncryptionServiceProvider->key(Array)
#3 /var/www/html/vendor/laravel/framework/src/Illuminate/Encryption/EncryptionServiceProvider.php(32): Illuminate\\Encryption\\EncryptionServiceProvider->parseKey(Array)
#4 /var/www/html/vendor/laravel/framework/src/Illuminate/Container/Container.php(1138): Illuminate\\Encryption\\EncryptionServiceProvider->{closure:Illuminate\\Encryption\\EncryptionServiceProvider::registerEncrypter():29}(Object(Illuminate\\Foundation\\Application), Array)
#5 /var/www/html/vendor/laravel/framework/src/Illuminate/Container/Container.php(937): Illuminate\\Container\\Container->build(Object(Closure))
#6 /var/www/html/vendor/laravel/framework/src/Illuminate/Foundation/Application.php(1085): Illuminate\\Container\\Container->resolve('encrypter', Array, true)
#7 /var/www/html/vendor/laravel/framework/src/Illuminate/Container/Container.php(865): Illuminate\\Foundation\\Application->resolve('encrypter', Array)
#8 /var/www/html/vendor/laravel/framework/src/Illuminate/Foundation/Application.php(1065): Illuminate\\Container\\Container->make('encrypter', Array)
#9 /var/www/html/vendor/laravel/framework/src/Illuminate/Container/Container.php(1359): Illuminate\\Foundation\\Application->make('encrypter')
#10 /var/www/html/vendor/laravel/framework/src/Illuminate/Container/Container.php(1260): Illuminate\\Container\\Container->resolveClass(Object(ReflectionParameter), 'Illuminate\\\\Cont...')
#11 /var/www/html/vendor/laravel/framework/src/Illuminate/Container/Container.php(1185): Illuminate\\Container\\Container->resolveDependencies(Array)
#12 /var/www/html/vendor/laravel/framework/src/Illuminate/Container/Container.php(937): Illuminate\\Container\\Container->build('Illuminate\\\\Cook...')
#13 /var/www/html/vendor/laravel/framework/src/Illuminate/Foundation/Application.php(1085): Illuminate\\Container\\Container->resolve('Illuminate\\\\Cook...', Array, true)
#14 /var/www/html/vendor/laravel/framework/src/Illuminate/Container/Container.php(865): Illuminate\\Foundation\\Application->resolve('Illuminate\\\\Cook...', Array)
#15 /var/www/html/vendor/laravel/framework/src/Illuminate/Foundation/Application.php(1065): Illuminate\\Container\\Container->make('Illuminate\\\\Cook...', Array)
#16 /var/www/html/vendor/laravel/framework/src/Illuminate/Pipeline/Pipeline.php(208): Illuminate\\Foundation\\Application->make('Illuminate\\\\Cook...')
#17 /var/www/html/vendor/laravel/framework/src/Illuminate/Pipeline/Pipeline.php(137): Illuminate\\Pipeline\\Pipeline->{closure:{closure:Illuminate\\Pipeline\\Pipeline::carry():194}:195}(Object(Illuminate\\Http\\Request))
#18 /var/www/html/vendor/laravel/framework/src/Illuminate/Routing/Router.php(821): Illuminate\\Pipeline\\Pipeline->then(Object(Closure))
#19 /var/www/html/vendor/laravel/framework/src/Illuminate/Routing/Router.php(800): Illuminate\\Routing\\Router->runRouteWithinStack(Object(Illuminate\\Routing\\Route), Object(Illuminate\\Http\\Request))
#20 /var/www/html/vendor/laravel/framework/src/Illuminate/Routing/Router.php(764): Illuminate\\Routing\\Router->runRoute(Object(Illuminate\\Http\\Request), Object(Illuminate\\Routing\\Route))
#21 /var/www/html/vendor/laravel/framework/src/Illuminate/Routing/Router.php(753): Illuminate\\Routing\\Router->dispatchToRoute(Object(Illuminate\\Http\\Request))
#22 /var/www/html/vendor/laravel/framework/src/Illuminate/Foundation/Http/Kernel.php(200): Illuminate\\Routing\\Router->dispatch(Object(Illuminate\\Http\\Request))
#23 /var/www/html/vendor/laravel/framework/src/Illuminate/Pipeline/Pipeline.php(180): Illuminate\\Foundation\\Http\\Kernel->{closure:Illuminate\\Foundation\\Http\\Kernel::dispatchToRouter():197}(Object(Illuminate\\Http\\Request))
#24 /var/www/html/vendor/laravel/framework/src/Illuminate/Foundation/Http/Middleware/TransformsRequest.php(21): Illuminate\\Pipeline\\Pipeline->{closure:Illuminate\\Pipeline\\Pipeline::prepareDestination():178}(Object(Illuminate\\Http\\Request))
#25 /var/www/html/vendor/laravel/framework/src/Illuminate/Foundation/Http/Middleware/ConvertEmptyStringsToNull.php(31): Illuminate\\Foundation\\Http\\Middleware\\TransformsRequest->handle(Object(Illuminate\\Http\\Request), Object(Closure))
#26 /var/www/html/vendor/laravel/framework/src/Illuminate/Pipeline/Pipeline.php(219): Illuminate\\Foundation\\Http\\Middleware\\ConvertEmptyStringsToNull->handle(Object(Illuminate\\Http\\Request), Object(Closure))
#27 /var/www/html/vendor/laravel/framework/src/Illuminate/Foundation/Http/Middleware/TransformsRequest.php(21): Illuminate\\Pipeline\\Pipeline->{closure:{closure:Illuminate\\Pipeline\\Pipeline::carry():194}:195}(Object(Illuminate\\Http\\Request))
#28 /var/www/html/vendor/laravel/framework/src/Illuminate/Foundation/Http/Middleware/TrimStrings.php(51): Illuminate\\Foundation\\Http\\Middleware\\TransformsRequest->handle(Object(Illuminate\\Http\\Request), Object(Closure))
#29 /var/www/html/vendor/laravel/framework/src/Illuminate/Pipeline/Pipeline.php(219): Illuminate\\Foundation\\Http\\Middleware\\TrimStrings->handle(Object(Illuminate\\Http\\Request), Object(Closure))
#30 /var/www/html/vendor/laravel/framework/src/Illuminate/Http/Middleware/ValidatePostSize.php(27): Illuminate\\Pipeline\\Pipeline->{closure:{closure:Illuminate\\Pipeline\\Pipeline::carry():194}:195}(Object(Illuminate\\Http\\Request))
#31 /var/www/html/vendor/laravel/framework/src/Illuminate/Pipeline/Pipeline.php(219): Illuminate\\Http\\Middleware\\ValidatePostSize->handle(Object(Illuminate\\Http\\Request), Object(Closure))
#32 /var/www/html/vendor/laravel/framework/src/Illuminate/Foundation/Http/Middleware/PreventRequestsDuringMaintenance.php(110): Illuminate\\Pipeline\\Pipeline->{closure:{closure:Illuminate\\Pipeline\\Pipeline::carry():194}:195}(Object(Illuminate\\Http\\Request))
#33 /var/www/html/vendor/laravel/framework/src/Illuminate/Pipeline/Pipeline.php(219): Illuminate\\Foundation\\Http\\Middleware\\PreventRequestsDuringMaintenance->handle(Object(Illuminate\\Http\\Request), Object(Closure))
#34 /var/www/html/vendor/laravel/framework/src/Illuminate/Http/Middleware/HandleCors.php(61): Illuminate\\Pipeline\\Pipeline->{closure:{closure:Illuminate\\Pipeline\\Pipeline::carry():194}:195}(Object(Illuminate\\Http\\Request))
#35 /var/www/html/vendor/laravel/framework/src/Illuminate/Pipeline/Pipeline.php(219): Illuminate\\Http\\Middleware\\HandleCors->handle(Object(Illuminate\\Http\\Request), Object(Closure))
#36 /var/www/html/vendor/laravel/framework/src/Illuminate/Http/Middleware/TrustProxies.php(58): Illuminate\\Pipeline\\Pipeline->{closure:{closure:Illuminate\\Pipeline\\Pipeline::carry():194}:195}(Object(Illuminate\\Http\\Request))
#37 /var/www/html/vendor/laravel/framework/src/Illuminate/Pipeline/Pipeline.php(219): Illuminate\\Http\\Middleware\\TrustProxies->handle(Object(Illuminate\\Http\\Request), Object(Closure))
#38 /var/www/html/vendor/laravel/framework/src/Illuminate/Foundation/Http/Middleware/InvokeDeferredCallbacks.php(22): Illuminate\\Pipeline\\Pipeline->{closure:{closure:Illuminate\\Pipeline\\Pipeline::carry():194}:195}(Object(Illuminate\\Http\\Request))
#39 /var/www/html/vendor/laravel/framework/src/Illuminate/Pipeline/Pipeline.php(219): Illuminate\\Foundation\\Http\\Middleware\\InvokeDeferredCallbacks->handle(Object(Illuminate\\Http\\Request), Object(Closure))
#40 /var/www/html/vendor/laravel/framework/src/Illuminate/Http/Middleware/ValidatePathEncoding.php(28): Illuminate\\Pipeline\\Pipeline->{closure:{closure:Illuminate\\Pipeline\\Pipeline::carry():194}:195}(Object(Illuminate\\Http\\Request))
#41 /var/www/html/vendor/laravel/framework/src/Illuminate/Pipeline/Pipeline.php(219): Illuminate\\Http\\Middleware\\ValidatePathEncoding->handle(Object(Illuminate\\Http\\Request), Object(Closure))
#42 /var/www/html/vendor/laravel/framework/src/Illuminate/Pipeline/Pipeline.php(137): Illuminate\\Pipeline\\Pipeline->{closure:{closure:Illuminate\\Pipeline\\Pipeline::carry():194}:195}(Object(Illuminate\\Http\\Request))
#43 /var/www/html/vendor/laravel/framework/src/Illuminate/Foundation/Http/Kernel.php(175): Illuminate\\Pipeline\\Pipeline->then(Object(Closure))
#44 /var/www/html/vendor/laravel/framework/src/Illuminate/Foundation/Http/Kernel.php(144): Illuminate\\Foundation\\Http\\Kernel->sendRequestThroughRouter(Object(Illuminate\\Http\\Request))
#45 /var/www/html/vendor/laravel/framework/src/Illuminate/Foundation/Application.php(1227): Illuminate\\Foundation\\Http\\Kernel->handle(Object(Illuminate\\Http\\Request))
#46 /var/www/html/public/index.php(20): Illuminate\\Foundation\\Application->handleRequest(Object(Illuminate\\Http\\Request))
#47 {main}
"} 
[2026-08-24 12:24:56] local.ERROR: No application encryption key has been specified. {"exception":"[object] (Illuminate\\Encryption\\MissingAppKeyException(code: 0): No application encryption key has been specified. at /var/www/html/vendor/laravel/framework/src/Illuminate/Encryption/EncryptionServiceProvider.php:83)
[stacktrace]
#0 /var/www/html/vendor/laravel/framework/src/Illuminate/Support/helpers.php(393): Illuminate\\Encryption\\EncryptionServiceProvider->{closure:Illuminate\\Encryption\\EncryptionServiceProvider::key():81}(NULL)
#1 /var/www/html/vendor/laravel/framework/src/Illuminate/Encryption/EncryptionServiceProvider.php(81): tap(NULL, Object(Closure))
#2 /var/www/html/vendor/laravel/framework/src/Illuminate/Encryption/EncryptionServiceProvider.php(64): Illuminate\\Encryption\\EncryptionServiceProvider->key(Array)
#3 /var/www/html/vendor/laravel/framework/src/Illuminate/Encryption/EncryptionServiceProvider.php(32): Illuminate\\Encryption\\EncryptionServiceProvider->parseKey(Array)
#4 /var/www/html/vendor/laravel/framework/src/Illuminate/Container/Container.php(1138): Illuminate\\Encryption\\EncryptionServiceProvider->{closure:Illuminate\\Encryption\\EncryptionServiceProvider::registerEncrypter():29}(Object(Illuminate\\Foundation\\Application), Array)
#5 /var/www/html/vendor/laravel/framework/src/Illuminate/Container/Container.php(937): Illuminate\\Container\\Container->build(Object(Closure))
#6 /var/www/html/vendor/laravel/framework/src/Illuminate/Foundation/Application.php(1085): Illuminate\\Container\\Container->resolve('encrypter', Array, true)
#7 /var/www/html/vendor/laravel/framework/src/Illuminate/Container/Container.php(865): Illuminate\\Foundation\\Application->resolve('encrypter', Array)
#8 /var/www/html/vendor/laravel/framework/src/Illuminate/Foundation/Application.php(1065): Illuminate\\Container\\Container->make('encrypter', Array)
#9 /var/www/html/vendor/laravel/framework/src/Illuminate/Container/Container.php(1359): Illuminate\\Foundation\\Application->make('encrypter')
#10 /var/www/html/vendor/laravel/framework/src/Illuminate/Container/Container.php(1260): Illuminate\\Container\\Container->resolveClass(Object(ReflectionParameter), 'Illuminate\\\\Cont...')
#11 /var/www/html/vendor/laravel/framework/src/Illuminate/Container/Container.php(1185): Illuminate\\Container\\Container->resolveDependencies(Array)
#12 /var/www/html/vendor/laravel/framework/src/Illuminate/Container/Container.php(937): Illuminate\\Container\\Container->build('Illuminate\\\\Cook...')
#13 /var/www/html/vendor/laravel/framework/src/Illuminate/Foundation/Application.php(1085): Illuminate\\Container\\Container->resolve('Illuminate\\\\Cook...', Array, true)
#14 /var/www/html/vendor/laravel/framework/src/Illuminate/Container/Container.php(865): Illuminate\\Foundation\\Application->resolve('Illuminate\\\\Cook...', Array)
#15 /var/www/html/vendor/laravel/framework/src/Illuminate/Foundation/Application.php(1065): Illuminate\\Container\\Container->make('Illuminate\\\\Cook...', Array)
#16 /var/www/html/vendor/laravel/framework/src/Illuminate/Foundation/Http/Kernel.php(257): Illuminate\\Foundation\\Application->make('Illuminate\\\\Cook...')
#17 /var/www/html/vendor/laravel/framework/src/Illuminate/Foundation/Http/Kernel.php(215): Illuminate\\Foundation\\Http\\Kernel->terminateMiddleware(Object(Illuminate\\Http\\Request), Object(Illuminate\\Http\\Response))
#18 /var/www/html/vendor/laravel/framework/src/Illuminate/Foundation/Application.php(1229): Illuminate\\Foundation\\Http\\Kernel->terminate(Object(Illuminate\\Http\\Request), Object(Illuminate\\Http\\Response))
#19 /var/www/html/public/index.php(20): Illuminate\\Foundation\\Application->handleRequest(Object(Illuminate\\Http\\Request))
#20 {main}
"} 
[2026-08-24 12:24:56] local.ERROR: Uncaught ErrorException: Cannot modify header information - headers already sent by (output started at /var/www/html/vendor/symfony/http-foundation/Response.php:393) in /var/www/html/vendor/symfony/http-foundation/Response.php:328
Stack trace:
#0 /var/www/html/vendor/laravel/framework/src/Illuminate/Foundation/Bootstrap/HandleExceptions.php(263): Illuminate\Foundation\Bootstrap\HandleExceptions->handleError(2, 'Cannot modify h...', '/var/www/html/v...', 328)
#1 [internal function]: Illuminate\Foundation\Bootstrap\HandleExceptions->{closure:Illuminate\Foundation\Bootstrap\HandleExceptions::forwardsTo():262}(2, 'Cannot modify h...', '/var/www/html/v...', 328)
#2 /var/www/html/vendor/symfony/http-foundation/Response.php(328): header('HTTP/1.1 500 In...', true, 500)
#3 /var/www/html/vendor/symfony/http-foundation/Response.php(407): Symfony\Component\HttpFoundation\Response->sendHeaders()
#4 /var/www/html/vendor/laravel/framework/src/Illuminate/Foundation/Bootstrap/HandleExceptions.php(226): Symfony\Component\HttpFoundation\Response->send()
#5 /var/www/html/vendor/laravel/framework/src/Illuminate/Foundation/Bootstrap/HandleExceptions.php(203): Illuminate\Foundation\Bootstrap\HandleExceptions->renderHttpResponse(Object(Illuminate\Encryption\MissingAppKeyException))
#6 /var/www/html/vendor/laravel/framework/src/Illuminate/Foundation/Bootstrap/HandleExceptions.php(263): Illuminate\Foundation\Bootstrap\HandleExceptions->handleException(Object(Illuminate\Encryption\MissingAppKeyException))
#7 [internal function]: Illuminate\Foundation\Bootstrap\HandleExceptions->{closure:Illuminate\Foundation\Bootstrap\HandleExceptions::forwardsTo():262}(Object(Illuminate\Encryption\MissingAppKeyException))
#8 {main}
  thrown {"exception":"[object] (Symfony\\Component\\ErrorHandler\\Error\\FatalError(code: 0): Uncaught ErrorException: Cannot modify header information - headers already sent by (output started at /var/www/html/vendor/symfony/http-foundation/Response.php:393) in /var/www/html/vendor/symfony/http-foundation/Response.php:328
Stack trace:
#0 /var/www/html/vendor/laravel/framework/src/Illuminate/Foundation/Bootstrap/HandleExceptions.php(263): Illuminate\\Foundation\\Bootstrap\\HandleExceptions->handleError(2, 'Cannot modify h...', '/var/www/html/v...', 328)
#1 [internal function]: Illuminate\\Foundation\\Bootstrap\\HandleExceptions->{closure:Illuminate\\Foundation\\Bootstrap\\HandleExceptions::forwardsTo():262}(2, 'Cannot modify h...', '/var/www/html/v...', 328)
#2 /var/www/html/vendor/symfony/http-foundation/Response.php(328): header('HTTP/1.1 500 In...', true, 500)
#3 /var/www/html/vendor/symfony/http-foundation/Response.php(407): Symfony\\Component\\HttpFoundation\\Response->sendHeaders()
#4 /var/www/html/vendor/laravel/framework/src/Illuminate/Foundation/Bootstrap/HandleExceptions.php(226): Symfony\\Component\\HttpFoundation\\Response->send()
#5 /var/www/html/vendor/laravel/framework/src/Illuminate/Foundation/Bootstrap/HandleExceptions.php(203): Illuminate\\Foundation\\Bootstrap\\HandleExceptions->renderHttpResponse(Object(Illuminate\\Encryption\\MissingAppKeyException))
#6 /var/www/html/vendor/laravel/framework/src/Illuminate/Foundation/Bootstrap/HandleExceptions.php(263): Illuminate\\Foundation\\Bootstrap\\HandleExceptions->handleException(Object(Illuminate\\Encryption\\MissingAppKeyException))
#7 [internal function]: Illuminate\\Foundation\\Bootstrap\\HandleExceptions->{closure:Illuminate\\Foundation\\Bootstrap\\HandleExceptions::forwardsTo():262}(Object(Illuminate\\Encryption\\MissingAppKeyException))
#8 {main}
  thrown at /var/www/html/vendor/symfony/http-foundation/Response.php:328)
[stacktrace]
#0 {main}
"} 
[2026-08-24 12:26:04] local.ERROR: No application encryption key has been specified. {"exception":"[object] (Illuminate\\Encryption\\MissingAppKeyException(code: 0): No application encryption key has been specified. at /var/www/html/vendor/laravel/framework/src/Illuminate/Encryption/EncryptionServiceProvider.php:83)
[stacktrace]
#0 /var/www/html/vendor/laravel/framework/src/Illuminate/Support/helpers.php(393): Illuminate\\Encryption\\EncryptionServiceProvider->{closure:Illuminate\\Encryption\\EncryptionServiceProvider::key():81}(NULL)
#1 /var/www/html/vendor/laravel/framework/src/Illuminate/Encryption/EncryptionServiceProvider.php(81): tap(NULL, Object(Closure))
#2 /var/www/html/vendor/laravel/framework/src/Illuminate/Encryption/EncryptionServiceProvider.php(64): Illuminate\\Encryption\\EncryptionServiceProvider->key(Array)
#3 /var/www/html/vendor/laravel/framework/src/Illuminate/Encryption/EncryptionServiceProvider.php(32): Illuminate\\Encryption\\EncryptionServiceProvider->parseKey(Array)
#4 /var/www/html/vendor/laravel/framework/src/Illuminate/Container/Container.php(1138): Illuminate\\Encryption\\EncryptionServiceProvider->{closure:Illuminate\\Encryption\\EncryptionServiceProvider::registerEncrypter():29}(Object(Illuminate\\Foundation\\Application), Array)
#5 /var/www/html/vendor/laravel/framework/src/Illuminate/Container/Container.php(937): Illuminate\\Container\\Container->build(Object(Closure))
#6 /var/www/html/vendor/laravel/framework/src/Illuminate/Foundation/Application.php(1085): Illuminate\\Container\\Container->resolve('encrypter', Array, true)
#7 /var/www/html/vendor/laravel/framework/src/Illuminate/Container/Container.php(865): Illuminate\\Foundation\\Application->resolve('encrypter', Array)
#8 /var/www/html/vendor/laravel/framework/src/Illuminate/Foundation/Application.php(1065): Illuminate\\Container\\Container->make('encrypter', Array)
#9 /var/www/html/vendor/laravel/framework/src/Illuminate/Container/Container.php(1359): Illuminate\\Foundation\\Application->make('encrypter')
#10 /var/www/html/vendor/laravel/framework/src/Illuminate/Container/Container.php(1260): Illuminate\\Container\\Container->resolveClass(Object(ReflectionParameter), 'Illuminate\\\\Cont...')
#11 /var/www/html/vendor/laravel/framework/src/Illuminate/Container/Container.php(1185): Illuminate\\Container\\Container->resolveDependencies(Array)
#12 /var/www/html/vendor/laravel/framework/src/Illuminate/Container/Container.php(937): Illuminate\\Container\\Container->build('Illuminate\\\\Cook...')
#13 /var/www/html/vendor/laravel/framework/src/Illuminate/Foundation/Application.php(1085): Illuminate\\Container\\Container->resolve('Illuminate\\\\Cook...', Array, true)
#14 /var/www/html/vendor/laravel/framework/src/Illuminate/Container/Container.php(865): Illuminate\\Foundation\\Application->resolve('Illuminate\\\\Cook...', Array)
#15 /var/www/html/vendor/laravel/framework/src/Illuminate/Foundation/Application.php(1065): Illuminate\\Container\\Container->make('Illuminate\\\\Cook...', Array)
#16 /var/www/html/vendor/laravel/framework/src/Illuminate/Pipeline/Pipeline.php(208): Illuminate\\Foundation\\Application->make('Illuminate\\\\Cook...')
#17 /var/www/html/vendor/laravel/framework/src/Illuminate/Pipeline/Pipeline.php(137): Illuminate\\Pipeline\\Pipeline->{closure:{closure:Illuminate\\Pipeline\\Pipeline::carry():194}:195}(Object(Illuminate\\Http\\Request))
#18 /var/www/html/vendor/laravel/framework/src/Illuminate/Routing/Router.php(821): Illuminate\\Pipeline\\Pipeline->then(Object(Closure))
#19 /var/www/html/vendor/laravel/framework/src/Illuminate/Routing/Router.php(800): Illuminate\\Routing\\Router->runRouteWithinStack(Object(Illuminate\\Routing\\Route), Object(Illuminate\\Http\\Request))
#20 /var/www/html/vendor/laravel/framework/src/Illuminate/Routing/Router.php(764): Illuminate\\Routing\\Router->runRoute(Object(Illuminate\\Http\\Request), Object(Illuminate\\Routing\\Route))
#21 /var/www/html/vendor/laravel/framework/src/Illuminate/Routing/Router.php(753): Illuminate\\Routing\\Router->dispatchToRoute(Object(Illuminate\\Http\\Request))
#22 /var/www/html/vendor/laravel/framework/src/Illuminate/Foundation/Http/Kernel.php(200): Illuminate\\Routing\\Router->dispatch(Object(Illuminate\\Http\\Request))
#23 /var/www/html/vendor/laravel/framework/src/Illuminate/Pipeline/Pipeline.php(180): Illuminate\\Foundation\\Http\\Kernel->{closure:Illuminate\\Foundation\\Http\\Kernel::dispatchToRouter():197}(Object(Illuminate\\Http\\Request))
#24 /var/www/html/vendor/laravel/framework/src/Illuminate/Foundation/Http/Middleware/TransformsRequest.php(21): Illuminate\\Pipeline\\Pipeline->{closure:Illuminate\\Pipeline\\Pipeline::prepareDestination():178}(Object(Illuminate\\Http\\Request))
#25 /var/www/html/vendor/laravel/framework/src/Illuminate/Foundation/Http/Middleware/ConvertEmptyStringsToNull.php(31): Illuminate\\Foundation\\Http\\Middleware\\TransformsRequest->handle(Object(Illuminate\\Http\\Request), Object(Closure))
#26 /var/www/html/vendor/laravel/framework/src/Illuminate/Pipeline/Pipeline.php(219): Illuminate\\Foundation\\Http\\Middleware\\ConvertEmptyStringsToNull->handle(Object(Illuminate\\Http\\Request), Object(Closure))
#27 /var/www/html/vendor/laravel/framework/src/Illuminate/Foundation/Http/Middleware/TransformsRequest.php(21): Illuminate\\Pipeline\\Pipeline->{closure:{closure:Illuminate\\Pipeline\\Pipeline::carry():194}:195}(Object(Illuminate\\Http\\Request))
#28 /var/www/html/vendor/laravel/framework/src/Illuminate/Foundation/Http/Middleware/TrimStrings.php(51): Illuminate\\Foundation\\Http\\Middleware\\TransformsRequest->handle(Object(Illuminate\\Http\\Request), Object(Closure))
#29 /var/www/html/vendor/laravel/framework/src/Illuminate/Pipeline/Pipeline.php(219): Illuminate\\Foundation\\Http\\Middleware\\TrimStrings->handle(Object(Illuminate\\Http\\Request), Object(Closure))
#30 /var/www/html/vendor/laravel/framework/src/Illuminate/Http/Middleware/ValidatePostSize.php(27): Illuminate\\Pipeline\\Pipeline->{closure:{closure:Illuminate\\Pipeline\\Pipeline::carry():194}:195}(Object(Illuminate\\Http\\Request))
#31 /var/www/html/vendor/laravel/framework/src/Illuminate/Pipeline/Pipeline.php(219): Illuminate\\Http\\Middleware\\ValidatePostSize->handle(Object(Illuminate\\Http\\Request), Object(Closure))
#32 /var/www/html/vendor/laravel/framework/src/Illuminate/Foundation/Http/Middleware/PreventRequestsDuringMaintenance.php(110): Illuminate\\Pipeline\\Pipeline->{closure:{closure:Illuminate\\Pipeline\\Pipeline::carry():194}:195}(Object(Illuminate\\Http\\Request))
#33 /var/www/html/vendor/laravel/framework/src/Illuminate/Pipeline/Pipeline.php(219): Illuminate\\Foundation\\Http\\Middleware\\PreventRequestsDuringMaintenance->handle(Object(Illuminate\\Http\\Request), Object(Closure))
#34 /var/www/html/vendor/laravel/framework/src/Illuminate/Http/Middleware/HandleCors.php(61): Illuminate\\Pipeline\\Pipeline->{closure:{closure:Illuminate\\Pipeline\\Pipeline::carry():194}:195}(Object(Illuminate\\Http\\Request))
#35 /var/www/html/vendor/laravel/framework/src/Illuminate/Pipeline/Pipeline.php(219): Illuminate\\Http\\Middleware\\HandleCors->handle(Object(Illuminate\\Http\\Request), Object(Closure))
#36 /var/www/html/vendor/laravel/framework/src/Illuminate/Http/Middleware/TrustProxies.php(58): Illuminate\\Pipeline\\Pipeline->{closure:{closure:Illuminate\\Pipeline\\Pipeline::carry():194}:195}(Object(Illuminate\\Http\\Request))
#37 /var/www/html/vendor/laravel/framework/src/Illuminate/Pipeline/Pipeline.php(219): Illuminate\\Http\\Middleware\\TrustProxies->handle(Object(Illuminate\\Http\\Request), Object(Closure))
#38 /var/www/html/vendor/laravel/framework/src/Illuminate/Foundation/Http/Middleware/InvokeDeferredCallbacks.php(22): Illuminate\\Pipeline\\Pipeline->{closure:{closure:Illuminate\\Pipeline\\Pipeline::carry():194}:195}(Object(Illuminate\\Http\\Request))
#39 /var/www/html/vendor/laravel/framework/src/Illuminate/Pipeline/Pipeline.php(219): Illuminate\\Foundation\\Http\\Middleware\\InvokeDeferredCallbacks->handle(Object(Illuminate\\Http\\Request), Object(Closure))
#40 /var/www/html/vendor/laravel/framework/src/Illuminate/Http/Middleware/ValidatePathEncoding.php(28): Illuminate\\Pipeline\\Pipeline->{closure:{closure:Illuminate\\Pipeline\\Pipeline::carry():194}:195}(Object(Illuminate\\Http\\Request))
#41 /var/www/html/vendor/laravel/framework/src/Illuminate/Pipeline/Pipeline.php(219): Illuminate\\Http\\Middleware\\ValidatePathEncoding->handle(Object(Illuminate\\Http\\Request), Object(Closure))
#42 /var/www/html/vendor/laravel/framework/src/Illuminate/Pipeline/Pipeline.php(137): Illuminate\\Pipeline\\Pipeline->{closure:{closure:Illuminate\\Pipeline\\Pipeline::carry():194}:195}(Object(Illuminate\\Http\\Request))
#43 /var/www/html/vendor/laravel/framework/src/Illuminate/Foundation/Http/Kernel.php(175): Illuminate\\Pipeline\\Pipeline->then(Object(Closure))
#44 /var/www/html/vendor/laravel/framework/src/Illuminate/Foundation/Http/Kernel.php(144): Illuminate\\Foundation\\Http\\Kernel->sendRequestThroughRouter(Object(Illuminate\\Http\\Request))
#45 /var/www/html/vendor/laravel/framework/src/Illuminate/Foundation/Application.php(1227): Illuminate\\Foundation\\Http\\Kernel->handle(Object(Illuminate\\Http\\Request))
#46 /var/www/html/public/index.php(20): Illuminate\\Foundation\\Application->handleRequest(Object(Illuminate\\Http\\Request))
#47 {main}
"} 
[2026-08-24 12:26:04] local.ERROR: No application encryption key has been specified. {"exception":"[object] (Illuminate\\Encryption\\MissingAppKeyException(code: 0): No application encryption key has been specified. at /var/www/html/vendor/laravel/framework/src/Illuminate/Encryption/EncryptionServiceProvider.php:83)
[stacktrace]
#0 /var/www/html/vendor/laravel/framework/src/Illuminate/Support/helpers.php(393): Illuminate\\Encryption\\EncryptionServiceProvider->{closure:Illuminate\\Encryption\\EncryptionServiceProvider::key():81}(NULL)
#1 /var/www/html/vendor/laravel/framework/src/Illuminate/Encryption/EncryptionServiceProvider.php(81): tap(NULL, Object(Closure))
#2 /var/www/html/vendor/laravel/framework/src/Illuminate/Encryption/EncryptionServiceProvider.php(64): Illuminate\\Encryption\\EncryptionServiceProvider->key(Array)
#3 /var/www/html/vendor/laravel/framework/src/Illuminate/Encryption/EncryptionServiceProvider.php(32): Illuminate\\Encryption\\EncryptionServiceProvider->parseKey(Array)
#4 /var/www/html/vendor/laravel/framework/src/Illuminate/Container/Container.php(1138): Illuminate\\Encryption\\EncryptionServiceProvider->{closure:Illuminate\\Encryption\\EncryptionServiceProvider::registerEncrypter():29}(Object(Illuminate\\Foundation\\Application), Array)
#5 /var/www/html/vendor/laravel/framework/src/Illuminate/Container/Container.php(937): Illuminate\\Container\\Container->build(Object(Closure))
#6 /var/www/html/vendor/laravel/framework/src/Illuminate/Foundation/Application.php(1085): Illuminate\\Container\\Container->resolve('encrypter', Array, true)
#7 /var/www/html/vendor/laravel/framework/src/Illuminate/Container/Container.php(865): Illuminate\\Foundation\\Application->resolve('encrypter', Array)
#8 /var/www/html/vendor/laravel/framework/src/Illuminate/Foundation/Application.php(1065): Illuminate\\Container\\Container->make('encrypter', Array)
#9 /var/www/html/vendor/laravel/framework/src/Illuminate/Container/Container.php(1359): Illuminate\\Foundation\\Application->make('encrypter')
#10 /var/www/html/vendor/laravel/framework/src/Illuminate/Container/Container.php(1260): Illuminate\\Container\\Container->resolveClass(Object(ReflectionParameter), 'Illuminate\\\\Cont...')
#11 /var/www/html/vendor/laravel/framework/src/Illuminate/Container/Container.php(1185): Illuminate\\Container\\Container->resolveDependencies(Array)
#12 /var/www/html/vendor/laravel/framework/src/Illuminate/Container/Container.php(937): Illuminate\\Container\\Container->build('Illuminate\\\\Cook...')
#13 /var/www/html/vendor/laravel/framework/src/Illuminate/Foundation/Application.php(1085): Illuminate\\Container\\Container->resolve('Illuminate\\\\Cook...', Array, true)
#14 /var/www/html/vendor/laravel/framework/src/Illuminate/Container/Container.php(865): Illuminate\\Foundation\\Application->resolve('Illuminate\\\\Cook...', Array)
#15 /var/www/html/vendor/laravel/framework/src/Illuminate/Foundation/Application.php(1065): Illuminate\\Container\\Container->make('Illuminate\\\\Cook...', Array)
#16 /var/www/html/vendor/laravel/framework/src/Illuminate/Foundation/Http/Kernel.php(257): Illuminate\\Foundation\\Application->make('Illuminate\\\\Cook...')
#17 /var/www/html/vendor/laravel/framework/src/Illuminate/Foundation/Http/Kernel.php(215): Illuminate\\Foundation\\Http\\Kernel->terminateMiddleware(Object(Illuminate\\Http\\Request), Object(Illuminate\\Http\\Response))
#18 /var/www/html/vendor/laravel/framework/src/Illuminate/Foundation/Application.php(1229): Illuminate\\Foundation\\Http\\Kernel->terminate(Object(Illuminate\\Http\\Request), Object(Illuminate\\Http\\Response))
#19 /var/www/html/public/index.php(20): Illuminate\\Foundation\\Application->handleRequest(Object(Illuminate\\Http\\Request))
#20 {main}
"} 
[2026-08-24 12:26:04] local.ERROR: Uncaught ErrorException: Cannot modify header information - headers already sent by (output started at /var/www/html/vendor/symfony/http-foundation/Response.php:393) in /var/www/html/vendor/symfony/http-foundation/Response.php:328
Stack trace:
#0 /var/www/html/vendor/laravel/framework/src/Illuminate/Foundation/Bootstrap/HandleExceptions.php(263): Illuminate\Foundation\Bootstrap\HandleExceptions->handleError(2, 'Cannot modify h...', '/var/www/html/v...', 328)
#1 [internal function]: Illuminate\Foundation\Bootstrap\HandleExceptions->{closure:Illuminate\Foundation\Bootstrap\HandleExceptions::forwardsTo():262}(2, 'Cannot modify h...', '/var/www/html/v...', 328)
#2 /var/www/html/vendor/symfony/http-foundation/Response.php(328): header('HTTP/1.1 500 In...', true, 500)
#3 /var/www/html/vendor/symfony/http-foundation/Response.php(407): Symfony\Component\HttpFoundation\Response->sendHeaders()
#4 /var/www/html/vendor/laravel/framework/src/Illuminate/Foundation/Bootstrap/HandleExceptions.php(226): Symfony\Component\HttpFoundation\Response->send()
#5 /var/www/html/vendor/laravel/framework/src/Illuminate/Foundation/Bootstrap/HandleExceptions.php(203): Illuminate\Foundation\Bootstrap\HandleExceptions->renderHttpResponse(Object(Illuminate\Encryption\MissingAppKeyException))
#6 /var/www/html/vendor/laravel/framework/src/Illuminate/Foundation/Bootstrap/HandleExceptions.php(263): Illuminate\Foundation\Bootstrap\HandleExceptions->handleException(Object(Illuminate\Encryption\MissingAppKeyException))
#7 [internal function]: Illuminate\Foundation\Bootstrap\HandleExceptions->{closure:Illuminate\Foundation\Bootstrap\HandleExceptions::forwardsTo():262}(Object(Illuminate\Encryption\MissingAppKeyException))
#8 {main}
  thrown {"exception":"[object] (Symfony\\Component\\ErrorHandler\\Error\\FatalError(code: 0): Uncaught ErrorException: Cannot modify header information - headers already sent by (output started at /var/www/html/vendor/symfony/http-foundation/Response.php:393) in /var/www/html/vendor/symfony/http-foundation/Response.php:328
Stack trace:
#0 /var/www/html/vendor/laravel/framework/src/Illuminate/Foundation/Bootstrap/HandleExceptions.php(263): Illuminate\\Foundation\\Bootstrap\\HandleExceptions->handleError(2, 'Cannot modify h...', '/var/www/html/v...', 328)
#1 [internal function]: Illuminate\\Foundation\\Bootstrap\\HandleExceptions->{closure:Illuminate\\Foundation\\Bootstrap\\HandleExceptions::forwardsTo():262}(2, 'Cannot modify h...', '/var/www/html/v...', 328)
#2 /var/www/html/vendor/symfony/http-foundation/Response.php(328): header('HTTP/1.1 500 In...', true, 500)
#3 /var/www/html/vendor/symfony/http-foundation/Response.php(407): Symfony\\Component\\HttpFoundation\\Response->sendHeaders()
#4 /var/www/html/vendor/laravel/framework/src/Illuminate/Foundation/Bootstrap/HandleExceptions.php(226): Symfony\\Component\\HttpFoundation\\Response->send()
#5 /var/www/html/vendor/laravel/framework/src/Illuminate/Foundation/Bootstrap/HandleExceptions.php(203): Illuminate\\Foundation\\Bootstrap\\HandleExceptions->renderHttpResponse(Object(Illuminate\\Encryption\\MissingAppKeyException))
#6 /var/www/html/vendor/laravel/framework/src/Illuminate/Foundation/Bootstrap/HandleExceptions.php(263): Illuminate\\Foundation\\Bootstrap\\HandleExceptions->handleException(Object(Illuminate\\Encryption\\MissingAppKeyException))
#7 [internal function]: Illuminate\\Foundation\\Bootstrap\\HandleExceptions->{closure:Illuminate\\Foundation\\Bootstrap\\HandleExceptions::forwardsTo():262}(Object(Illuminate\\Encryption\\MissingAppKeyException))
#8 {main}
  thrown at /var/www/html/vendor/symfony/http-foundation/Response.php:328)
[stacktrace]
#0 {main}
"} 
[2026-08-24 12:29:38] local.ERROR: No application encryption key has been specified. {"exception":"[object] (Illuminate\\Encryption\\MissingAppKeyException(code: 0): No application encryption key has been specified. at /var/www/html/vendor/laravel/framework/src/Illuminate/Encryption/EncryptionServiceProvider.php:83)
[stacktrace]
#0 /var/www/html/vendor/laravel/framework/src/Illuminate/Support/helpers.php(393): Illuminate\\Encryption\\EncryptionServiceProvider->{closure:Illuminate\\Encryption\\EncryptionServiceProvider::key():81}(NULL)
#1 /var/www/html/vendor/laravel/framework/src/Illuminate/Encryption/EncryptionServiceProvider.php(81): tap(NULL, Object(Closure))
#2 /var/www/html/vendor/laravel/framework/src/Illuminate/Encryption/EncryptionServiceProvider.php(64): Illuminate\\Encryption\\EncryptionServiceProvider->key(Array)
#3 /var/www/html/vendor/laravel/framework/src/Illuminate/Encryption/EncryptionServiceProvider.php(32): Illuminate\\Encryption\\EncryptionServiceProvider->parseKey(Array)
#4 /var/www/html/vendor/laravel/framework/src/Illuminate/Container/Container.php(1138): Illuminate\\Encryption\\EncryptionServiceProvider->{closure:Illuminate\\Encryption\\EncryptionServiceProvider::registerEncrypter():29}(Object(Illuminate\\Foundation\\Application), Array)
#5 /var/www/html/vendor/laravel/framework/src/Illuminate/Container/Container.php(937): Illuminate\\Container\\Container->build(Object(Closure))
#6 /var/www/html/vendor/laravel/framework/src/Illuminate/Foundation/Application.php(1085): Illuminate\\Container\\Container->resolve('encrypter', Array, true)
#7 /var/www/html/vendor/laravel/framework/src/Illuminate/Container/Container.php(865): Illuminate\\Foundation\\Application->resolve('encrypter', Array)
#8 /var/www/html/vendor/laravel/framework/src/Illuminate/Foundation/Application.php(1065): Illuminate\\Container\\Container->make('encrypter', Array)
#9 /var/www/html/vendor/laravel/framework/src/Illuminate/Container/Container.php(1359): Illuminate\\Foundation\\Application->make('encrypter')
#10 /var/www/html/vendor/laravel/framework/src/Illuminate/Container/Container.php(1260): Illuminate\\Container\\Container->resolveClass(Object(ReflectionParameter), 'Illuminate\\\\Cont...')
#11 /var/www/html/vendor/laravel/framework/src/Illuminate/Container/Container.php(1185): Illuminate\\Container\\Container->resolveDependencies(Array)
#12 /var/www/html/vendor/laravel/framework/src/Illuminate/Container/Container.php(937): Illuminate\\Container\\Container->build('Illuminate\\\\Cook...')
#13 /var/www/html/vendor/laravel/framework/src/Illuminate/Foundation/Application.php(1085): Illuminate\\Container\\Container->resolve('Illuminate\\\\Cook...', Array, true)
#14 /var/www/html/vendor/laravel/framework/src/Illuminate/Container/Container.php(865): Illuminate\\Foundation\\Application->resolve('Illuminate\\\\Cook...', Array)
#15 /var/www/html/vendor/laravel/framework/src/Illuminate/Foundation/Application.php(1065): Illuminate\\Container\\Container->make('Illuminate\\\\Cook...', Array)
#16 /var/www/html/vendor/laravel/framework/src/Illuminate/Pipeline/Pipeline.php(208): Illuminate\\Foundation\\Application->make('Illuminate\\\\Cook...')
#17 /var/www/html/vendor/laravel/framework/src/Illuminate/Pipeline/Pipeline.php(137): Illuminate\\Pipeline\\Pipeline->{closure:{closure:Illuminate\\Pipeline\\Pipeline::carry():194}:195}(Object(Illuminate\\Http\\Request))
#18 /var/www/html/vendor/laravel/framework/src/Illuminate/Routing/Router.php(821): Illuminate\\Pipeline\\Pipeline->then(Object(Closure))
#19 /var/www/html/vendor/laravel/framework/src/Illuminate/Routing/Router.php(800): Illuminate\\Routing\\Router->runRouteWithinStack(Object(Illuminate\\Routing\\Route), Object(Illuminate\\Http\\Request))
#20 /var/www/html/vendor/laravel/framework/src/Illuminate/Routing/Router.php(764): Illuminate\\Routing\\Router->runRoute(Object(Illuminate\\Http\\Request), Object(Illuminate\\Routing\\Route))
#21 /var/www/html/vendor/laravel/framework/src/Illuminate/Routing/Router.php(753): Illuminate\\Routing\\Router->dispatchToRoute(Object(Illuminate\\Http\\Request))
#22 /var/www/html/vendor/laravel/framework/src/Illuminate/Foundation/Http/Kernel.php(200): Illuminate\\Routing\\Router->dispatch(Object(Illuminate\\Http\\Request))
#23 /var/www/html/vendor/laravel/framework/src/Illuminate/Pipeline/Pipeline.php(180): Illuminate\\Foundation\\Http\\Kernel->{closure:Illuminate\\Foundation\\Http\\Kernel::dispatchToRouter():197}(Object(Illuminate\\Http\\Request))
#24 /var/www/html/vendor/laravel/framework/src/Illuminate/Foundation/Http/Middleware/TransformsRequest.php(21): Illuminate\\Pipeline\\Pipeline->{closure:Illuminate\\Pipeline\\Pipeline::prepareDestination():178}(Object(Illuminate\\Http\\Request))
#25 /var/www/html/vendor/laravel/framework/src/Illuminate/Foundation/Http/Middleware/ConvertEmptyStringsToNull.php(31): Illuminate\\Foundation\\Http\\Middleware\\TransformsRequest->handle(Object(Illuminate\\Http\\Request), Object(Closure))
#26 /var/www/html/vendor/laravel/framework/src/Illuminate/Pipeline/Pipeline.php(219): Illuminate\\Foundation\\Http\\Middleware\\ConvertEmptyStringsToNull->handle(Object(Illuminate\\Http\\Request), Object(Closure))
#27 /var/www/html/vendor/laravel/framework/src/Illuminate/Foundation/Http/Middleware/TransformsRequest.php(21): Illuminate\\Pipeline\\Pipeline->{closure:{closure:Illuminate\\Pipeline\\Pipeline::carry():194}:195}(Object(Illuminate\\Http\\Request))
#28 /var/www/html/vendor/laravel/framework/src/Illuminate/Foundation/Http/Middleware/TrimStrings.php(51): Illuminate\\Foundation\\Http\\Middleware\\TransformsRequest->handle(Object(Illuminate\\Http\\Request), Object(Closure))
#29 /var/www/html/vendor/laravel/framework/src/Illuminate/Pipeline/Pipeline.php(219): Illuminate\\Foundation\\Http\\Middleware\\TrimStrings->handle(Object(Illuminate\\Http\\Request), Object(Closure))
#30 /var/www/html/vendor/laravel/framework/src/Illuminate/Http/Middleware/ValidatePostSize.php(27): Illuminate\\Pipeline\\Pipeline->{closure:{closure:Illuminate\\Pipeline\\Pipeline::carry():194}:195}(Object(Illuminate\\Http\\Request))
#31 /var/www/html/vendor/laravel/framework/src/Illuminate/Pipeline/Pipeline.php(219): Illuminate\\Http\\Middleware\\ValidatePostSize->handle(Object(Illuminate\\Http\\Request), Object(Closure))
#32 /var/www/html/vendor/laravel/framework/src/Illuminate/Foundation/Http/Middleware/PreventRequestsDuringMaintenance.php(110): Illuminate\\Pipeline\\Pipeline->{closure:{closure:Illuminate\\Pipeline\\Pipeline::carry():194}:195}(Object(Illuminate\\Http\\Request))
#33 /var/www/html/vendor/laravel/framework/src/Illuminate/Pipeline/Pipeline.php(219): Illuminate\\Foundation\\Http\\Middleware\\PreventRequestsDuringMaintenance->handle(Object(Illuminate\\Http\\Request), Object(Closure))
#34 /var/www/html/vendor/laravel/framework/src/Illuminate/Http/Middleware/HandleCors.php(61): Illuminate\\Pipeline\\Pipeline->{closure:{closure:Illuminate\\Pipeline\\Pipeline::carry():194}:195}(Object(Illuminate\\Http\\Request))
#35 /var/www/html/vendor/laravel/framework/src/Illuminate/Pipeline/Pipeline.php(219): Illuminate\\Http\\Middleware\\HandleCors->handle(Object(Illuminate\\Http\\Request), Object(Closure))
#36 /var/www/html/vendor/laravel/framework/src/Illuminate/Http/Middleware/TrustProxies.php(58): Illuminate\\Pipeline\\Pipeline->{closure:{closure:Illuminate\\Pipeline\\Pipeline::carry():194}:195}(Object(Illuminate\\Http\\Request))
#37 /var/www/html/vendor/laravel/framework/src/Illuminate/Pipeline/Pipeline.php(219): Illuminate\\Http\\Middleware\\TrustProxies->handle(Object(Illuminate\\Http\\Request), Object(Closure))
#38 /var/www/html/vendor/laravel/framework/src/Illuminate/Foundation/Http/Middleware/InvokeDeferredCallbacks.php(22): Illuminate\\Pipeline\\Pipeline->{closure:{closure:Illuminate\\Pipeline\\Pipeline::carry():194}:195}(Object(Illuminate\\Http\\Request))
#39 /var/www/html/vendor/laravel/framework/src/Illuminate/Pipeline/Pipeline.php(219): Illuminate\\Foundation\\Http\\Middleware\\InvokeDeferredCallbacks->handle(Object(Illuminate\\Http\\Request), Object(Closure))
#40 /var/www/html/vendor/laravel/framework/src/Illuminate/Http/Middleware/ValidatePathEncoding.php(28): Illuminate\\Pipeline\\Pipeline->{closure:{closure:Illuminate\\Pipeline\\Pipeline::carry():194}:195}(Object(Illuminate\\Http\\Request))
#41 /var/www/html/vendor/laravel/framework/src/Illuminate/Pipeline/Pipeline.php(219): Illuminate\\Http\\Middleware\\ValidatePathEncoding->handle(Object(Illuminate\\Http\\Request), Object(Closure))
#42 /var/www/html/vendor/laravel/framework/src/Illuminate/Pipeline/Pipeline.php(137): Illuminate\\Pipeline\\Pipeline->{closure:{closure:Illuminate\\Pipeline\\Pipeline::carry():194}:195}(Object(Illuminate\\Http\\Request))
#43 /var/www/html/vendor/laravel/framework/src/Illuminate/Foundation/Http/Kernel.php(175): Illuminate\\Pipeline\\Pipeline->then(Object(Closure))
#44 /var/www/html/vendor/laravel/framework/src/Illuminate/Foundation/Http/Kernel.php(144): Illuminate\\Foundation\\Http\\Kernel->sendRequestThroughRouter(Object(Illuminate\\Http\\Request))
#45 /var/www/html/vendor/laravel/framework/src/Illuminate/Foundation/Application.php(1227): Illuminate\\Foundation\\Http\\Kernel->handle(Object(Illuminate\\Http\\Request))
#46 /var/www/html/public/index.php(20): Illuminate\\Foundation\\Application->handleRequest(Object(Illuminate\\Http\\Request))
#47 {main}
"} 
[2026-08-24 12:29:38] local.ERROR: No application encryption key has been specified. {"exception":"[object] (Illuminate\\Encryption\\MissingAppKeyException(code: 0): No application encryption key has been specified. at /var/www/html/vendor/laravel/framework/src/Illuminate/Encryption/EncryptionServiceProvider.php:83)
[stacktrace]
#0 /var/www/html/vendor/laravel/framework/src/Illuminate/Support/helpers.php(393): Illuminate\\Encryption\\EncryptionServiceProvider->{closure:Illuminate\\Encryption\\EncryptionServiceProvider::key():81}(NULL)
#1 /var/www/html/vendor/laravel/framework/src/Illuminate/Encryption/EncryptionServiceProvider.php(81): tap(NULL, Object(Closure))
#2 /var/www/html/vendor/laravel/framework/src/Illuminate/Encryption/EncryptionServiceProvider.php(64): Illuminate\\Encryption\\EncryptionServiceProvider->key(Array)
#3 /var/www/html/vendor/laravel/framework/src/Illuminate/Encryption/EncryptionServiceProvider.php(32): Illuminate\\Encryption\\EncryptionServiceProvider->parseKey(Array)
#4 /var/www/html/vendor/laravel/framework/src/Illuminate/Container/Container.php(1138): Illuminate\\Encryption\\EncryptionServiceProvider->{closure:Illuminate\\Encryption\\EncryptionServiceProvider::registerEncrypter():29}(Object(Illuminate\\Foundation\\Application), Array)
#5 /var/www/html/vendor/laravel/framework/src/Illuminate/Container/Container.php(937): Illuminate\\Container\\Container->build(Object(Closure))
#6 /var/www/html/vendor/laravel/framework/src/Illuminate/Foundation/Application.php(1085): Illuminate\\Container\\Container->resolve('encrypter', Array, true)
#7 /var/www/html/vendor/laravel/framework/src/Illuminate/Container/Container.php(865): Illuminate\\Foundation\\Application->resolve('encrypter', Array)
#8 /var/www/html/vendor/laravel/framework/src/Illuminate/Foundation/Application.php(1065): Illuminate\\Container\\Container->make('encrypter', Array)
#9 /var/www/html/vendor/laravel/framework/src/Illuminate/Container/Container.php(1359): Illuminate\\Foundation\\Application->make('encrypter')
#10 /var/www/html/vendor/laravel/framework/src/Illuminate/Container/Container.php(1260): Illuminate\\Container\\Container->resolveClass(Object(ReflectionParameter), 'Illuminate\\\\Cont...')
#11 /var/www/html/vendor/laravel/framework/src/Illuminate/Container/Container.php(1185): Illuminate\\Container\\Container->resolveDependencies(Array)
#12 /var/www/html/vendor/laravel/framework/src/Illuminate/Container/Container.php(937): Illuminate\\Container\\Container->build('Illuminate\\\\Cook...')
#13 /var/www/html/vendor/laravel/framework/src/Illuminate/Foundation/Application.php(1085): Illuminate\\Container\\Container->resolve('Illuminate\\\\Cook...', Array, true)
#14 /var/www/html/vendor/laravel/framework/src/Illuminate/Container/Container.php(865): Illuminate\\Foundation\\Application->resolve('Illuminate\\\\Cook...', Array)
#15 /var/www/html/vendor/laravel/framework/src/Illuminate/Foundation/Application.php(1065): Illuminate\\Container\\Container->make('Illuminate\\\\Cook...', Array)
#16 /var/www/html/vendor/laravel/framework/src/Illuminate/Foundation/Http/Kernel.php(257): Illuminate\\Foundation\\Application->make('Illuminate\\\\Cook...')
#17 /var/www/html/vendor/laravel/framework/src/Illuminate/Foundation/Http/Kernel.php(215): Illuminate\\Foundation\\Http\\Kernel->terminateMiddleware(Object(Illuminate\\Http\\Request), Object(Illuminate\\Http\\Response))
#18 /var/www/html/vendor/laravel/framework/src/Illuminate/Foundation/Application.php(1229): Illuminate\\Foundation\\Http\\Kernel->terminate(Object(Illuminate\\Http\\Request), Object(Illuminate\\Http\\Response))
#19 /var/www/html/public/index.php(20): Illuminate\\Foundation\\Application->handleRequest(Object(Illuminate\\Http\\Request))
#20 {main}
"} 
[2026-08-24 12:29:38] local.ERROR: Uncaught ErrorException: Cannot modify header information - headers already sent in /var/www/html/vendor/symfony/http-foundation/Response.php:328
Stack trace:
#0 /var/www/html/vendor/laravel/framework/src/Illuminate/Foundation/Bootstrap/HandleExceptions.php(263): Illuminate\Foundation\Bootstrap\HandleExceptions->handleError(2, 'Cannot modify h...', '/var/www/html/v...', 328)
#1 [internal function]: Illuminate\Foundation\Bootstrap\HandleExceptions->{closure:Illuminate\Foundation\Bootstrap\HandleExceptions::forwardsTo():262}(2, 'Cannot modify h...', '/var/www/html/v...', 328)
#2 /var/www/html/vendor/symfony/http-foundation/Response.php(328): header('HTTP/1.1 500 In...', true, 500)
#3 /var/www/html/vendor/symfony/http-foundation/Response.php(407): Symfony\Component\HttpFoundation\Response->sendHeaders()
#4 /var/www/html/vendor/laravel/framework/src/Illuminate/Foundation/Bootstrap/HandleExceptions.php(226): Symfony\Component\HttpFoundation\Response->send()
#5 /var/www/html/vendor/laravel/framework/src/Illuminate/Foundation/Bootstrap/HandleExceptions.php(203): Illuminate\Foundation\Bootstrap\HandleExceptions->renderHttpResponse(Object(Illuminate\Encryption\MissingAppKeyException))
#6 /var/www/html/vendor/laravel/framework/src/Illuminate/Foundation/Bootstrap/HandleExceptions.php(263): Illuminate\Foundation\Bootstrap\HandleExceptions->handleException(Object(Illuminate\Encryption\MissingAppKeyException))
#7 [internal function]: Illuminate\Foundation\Bootstrap\HandleExceptions->{closure:Illuminate\Foundation\Bootstrap\HandleExceptions::forwardsTo():262}(Object(Illuminate\Encryption\MissingAppKeyException))
#8 {main}
  thrown {"exception":"[object] (Symfony\\Component\\ErrorHandler\\Error\\FatalError(code: 0): Uncaught ErrorException: Cannot modify header information - headers already sent in /var/www/html/vendor/symfony/http-foundation/Response.php:328
Stack trace:
#0 /var/www/html/vendor/laravel/framework/src/Illuminate/Foundation/Bootstrap/HandleExceptions.php(263): Illuminate\\Foundation\\Bootstrap\\HandleExceptions->handleError(2, 'Cannot modify h...', '/var/www/html/v...', 328)
#1 [internal function]: Illuminate\\Foundation\\Bootstrap\\HandleExceptions->{closure:Illuminate\\Foundation\\Bootstrap\\HandleExceptions::forwardsTo():262}(2, 'Cannot modify h...', '/var/www/html/v...', 328)
#2 /var/www/html/vendor/symfony/http-foundation/Response.php(328): header('HTTP/1.1 500 In...', true, 500)
#3 /var/www/html/vendor/symfony/http-foundation/Response.php(407): Symfony\\Component\\HttpFoundation\\Response->sendHeaders()
#4 /var/www/html/vendor/laravel/framework/src/Illuminate/Foundation/Bootstrap/HandleExceptions.php(226): Symfony\\Component\\HttpFoundation\\Response->send()
#5 /var/www/html/vendor/laravel/framework/src/Illuminate/Foundation/Bootstrap/HandleExceptions.php(203): Illuminate\\Foundation\\Bootstrap\\HandleExceptions->renderHttpResponse(Object(Illuminate\\Encryption\\MissingAppKeyException))
#6 /var/www/html/vendor/laravel/framework/src/Illuminate/Foundation/Bootstrap/HandleExceptions.php(263): Illuminate\\Foundation\\Bootstrap\\HandleExceptions->handleException(Object(Illuminate\\Encryption\\MissingAppKeyException))
#7 [internal function]: Illuminate\\Foundation\\Bootstrap\\HandleExceptions->{closure:Illuminate\\Foundation\\Bootstrap\\HandleExceptions::forwardsTo():262}(Object(Illuminate\\Encryption\\MissingAppKeyException))
#8 {main}
  thrown at /var/www/html/vendor/symfony/http-foundation/Response.php:328)
[stacktrace]
#0 {main}
"} 
[2026-08-24 12:32:09] local.ERROR: SQLSTATE[42S02]: Base table or view not found: 1146 Table 'bulut_filo_yonetimi.sessions' doesn't exist (Connection: mysql, Host: mysql, Port: 3306, Database: bulut_filo_yonetimi, SQL: select * from `sessions` where `id` = BNjrPmdpkAyOk1AWhRm4iFDuLzVxlqh1dVbwHJ7K limit 1) {"exception":"[object] (Illuminate\\Database\\QueryException(code: 42S02): SQLSTATE[42S02]: Base table or view not found: 1146 Table 'bulut_filo_yonetimi.sessions' doesn't exist (Connection: mysql, Host: mysql, Port: 3306, Database: bulut_filo_yonetimi, SQL: select * from `sessions` where `id` = BNjrPmdpkAyOk1AWhRm4iFDuLzVxlqh1dVbwHJ7K limit 1) at /var/www/html/vendor/laravel/framework/src/Illuminate/Database/Connection.php:857)
[stacktrace]
#0 /var/www/html/vendor/laravel/framework/src/Illuminate/Database/Connection.php(813): Illuminate\\Database\\Connection->runQueryCallback('select * from `...', Array, Object(Closure))
#1 /var/www/html/vendor/laravel/framework/src/Illuminate/Database/Connection.php(426): Illuminate\\Database\\Connection->run('select * from `...', Array, Object(Closure))
#2 /var/www/html/vendor/laravel/framework/src/Illuminate/Database/Query/Builder.php(3573): Illuminate\\Database\\Connection->select('select * from `...', Array, false, Array)
#3 /var/www/html/vendor/laravel/framework/src/Illuminate/Database/Query/Builder.php(3557): Illuminate\\Database\\Query\\Builder->runSelect()
#4 /var/www/html/vendor/laravel/framework/src/Illuminate/Database/Concerns/BuildsQueries.php(366): Illuminate\\Database\\Query\\Builder->get(Array)
#5 /var/www/html/vendor/laravel/framework/src/Illuminate/Database/Query/Builder.php(3475): Illuminate\\Database\\Query\\Builder->first(Array)
#6 /var/www/html/vendor/laravel/framework/src/Illuminate/Session/DatabaseSessionHandler.php(96): Illuminate\\Database\\Query\\Builder->find('BNjrPmdpkAyOk1A...')
#7 /var/www/html/vendor/laravel/framework/src/Illuminate/Session/Store.php(128): Illuminate\\Session\\DatabaseSessionHandler->read('BNjrPmdpkAyOk1A...')
#8 /var/www/html/vendor/laravel/framework/src/Illuminate/Session/Store.php(116): Illuminate\\Session\\Store->readFromHandler()
#9 /var/www/html/vendor/laravel/framework/src/Illuminate/Session/Store.php(100): Illuminate\\Session\\Store->loadSession()
#10 /var/www/html/vendor/laravel/framework/src/Illuminate/Session/Middleware/StartSession.php(146): Illuminate\\Session\\Store->start()
#11 /var/www/html/vendor/laravel/framework/src/Illuminate/Support/helpers.php(393): Illuminate\\Session\\Middleware\\StartSession->{closure:Illuminate\\Session\\Middleware\\StartSession::startSession():143}(Object(Illuminate\\Session\\Store))
#12 /var/www/html/vendor/laravel/framework/src/Illuminate/Session/Middleware/StartSession.php(143): tap(Object(Illuminate\\Session\\Store), Object(Closure))
#13 /var/www/html/vendor/laravel/framework/src/Illuminate/Session/Middleware/StartSession.php(115): Illuminate\\Session\\Middleware\\StartSession->startSession(Object(Illuminate\\Http\\Request), Object(Illuminate\\Session\\Store))
#14 /var/www/html/vendor/laravel/framework/src/Illuminate/Session/Middleware/StartSession.php(63): Illuminate\\Session\\Middleware\\StartSession->handleStatefulRequest(Object(Illuminate\\Http\\Request), Object(Illuminate\\Session\\Store), Object(Closure))
#15 /var/www/html/vendor/laravel/framework/src/Illuminate/Pipeline/Pipeline.php(219): Illuminate\\Session\\Middleware\\StartSession->handle(Object(Illuminate\\Http\\Request), Object(Closure))
#16 /var/www/html/vendor/laravel/framework/src/Illuminate/Cookie/Middleware/AddQueuedCookiesToResponse.php(36): Illuminate\\Pipeline\\Pipeline->{closure:{closure:Illuminate\\Pipeline\\Pipeline::carry():194}:195}(Object(Illuminate\\Http\\Request))
#17 /var/www/html/vendor/laravel/framework/src/Illuminate/Pipeline/Pipeline.php(219): Illuminate\\Cookie\\Middleware\\AddQueuedCookiesToResponse->handle(Object(Illuminate\\Http\\Request), Object(Closure))
#18 /var/www/html/vendor/laravel/framework/src/Illuminate/Cookie/Middleware/EncryptCookies.php(74): Illuminate\\Pipeline\\Pipeline->{closure:{closure:Illuminate\\Pipeline\\Pipeline::carry():194}:195}(Object(Illuminate\\Http\\Request))
#19 /var/www/html/vendor/laravel/framework/src/Illuminate/Pipeline/Pipeline.php(219): Illuminate\\Cookie\\Middleware\\EncryptCookies->handle(Object(Illuminate\\Http\\Request), Object(Closure))
#20 /var/www/html/vendor/laravel/framework/src/Illuminate/Pipeline/Pipeline.php(137): Illuminate\\Pipeline\\Pipeline->{closure:{closure:Illuminate\\Pipeline\\Pipeline::carry():194}:195}(Object(Illuminate\\Http\\Request))
#21 /var/www/html/vendor/laravel/framework/src/Illuminate/Routing/Router.php(821): Illuminate\\Pipeline\\Pipeline->then(Object(Closure))
#22 /var/www/html/vendor/laravel/framework/src/Illuminate/Routing/Router.php(800): Illuminate\\Routing\\Router->runRouteWithinStack(Object(Illuminate\\Routing\\Route), Object(Illuminate\\Http\\Request))
#23 /var/www/html/vendor/laravel/framework/src/Illuminate/Routing/Router.php(764): Illuminate\\Routing\\Router->runRoute(Object(Illuminate\\Http\\Request), Object(Illuminate\\Routing\\Route))
#24 /var/www/html/vendor/laravel/framework/src/Illuminate/Routing/Router.php(753): Illuminate\\Routing\\Router->dispatchToRoute(Object(Illuminate\\Http\\Request))
#25 /var/www/html/vendor/laravel/framework/src/Illuminate/Foundation/Http/Kernel.php(200): Illuminate\\Routing\\Router->dispatch(Object(Illuminate\\Http\\Request))
#26 /var/www/html/vendor/laravel/framework/src/Illuminate/Pipeline/Pipeline.php(180): Illuminate\\Foundation\\Http\\Kernel->{closure:Illuminate\\Foundation\\Http\\Kernel::dispatchToRouter():197}(Object(Illuminate\\Http\\Request))
#27 /var/www/html/vendor/laravel/framework/src/Illuminate/Foundation/Http/Middleware/TransformsRequest.php(21): Illuminate\\Pipeline\\Pipeline->{closure:Illuminate\\Pipeline\\Pipeline::prepareDestination():178}(Object(Illuminate\\Http\\Request))
#28 /var/www/html/vendor/laravel/framework/src/Illuminate/Foundation/Http/Middleware/ConvertEmptyStringsToNull.php(31): Illuminate\\Foundation\\Http\\Middleware\\TransformsRequest->handle(Object(Illuminate\\Http\\Request), Object(Closure))
#29 /var/www/html/vendor/laravel/framework/src/Illuminate/Pipeline/Pipeline.php(219): Illuminate\\Foundation\\Http\\Middleware\\ConvertEmptyStringsToNull->handle(Object(Illuminate\\Http\\Request), Object(Closure))
#30 /var/www/html/vendor/laravel/framework/src/Illuminate/Foundation/Http/Middleware/TransformsRequest.php(21): Illuminate\\Pipeline\\Pipeline->{closure:{closure:Illuminate\\Pipeline\\Pipeline::carry():194}:195}(Object(Illuminate\\Http\\Request))
#31 /var/www/html/vendor/laravel/framework/src/Illuminate/Foundation/Http/Middleware/TrimStrings.php(51): Illuminate\\Foundation\\Http\\Middleware\\TransformsRequest->handle(Object(Illuminate\\Http\\Request), Object(Closure))
#32 /var/www/html/vendor/laravel/framework/src/Illuminate/Pipeline/Pipeline.php(219): Illuminate\\Foundation\\Http\\Middleware\\TrimStrings->handle(Object(Illuminate\\Http\\Request), Object(Closure))
#33 /var/www/html/vendor/laravel/framework/src/Illuminate/Http/Middleware/ValidatePostSize.php(27): Illuminate\\Pipeline\\Pipeline->{closure:{closure:Illuminate\\Pipeline\\Pipeline::carry():194}:195}(Object(Illuminate\\Http\\Request))
#34 /var/www/html/vendor/laravel/framework/src/Illuminate/Pipeline/Pipeline.php(219): Illuminate\\Http\\Middleware\\ValidatePostSize->handle(Object(Illuminate\\Http\\Request), Object(Closure))
#35 /var/www/html/vendor/laravel/framework/src/Illuminate/Foundation/Http/Middleware/PreventRequestsDuringMaintenance.php(110): Illuminate\\Pipeline\\Pipeline->{closure:{closure:Illuminate\\Pipeline\\Pipeline::carry():194}:195}(Object(Illuminate\\Http\\Request))
#36 /var/www/html/vendor/laravel/framework/src/Illuminate/Pipeline/Pipeline.php(219): Illuminate\\Foundation\\Http\\Middleware\\PreventRequestsDuringMaintenance->handle(Object(Illuminate\\Http\\Request), Object(Closure))
#37 /var/www/html/vendor/laravel/framework/src/Illuminate/Http/Middleware/HandleCors.php(61): Illuminate\\Pipeline\\Pipeline->{closure:{closure:Illuminate\\Pipeline\\Pipeline::carry():194}:195}(Object(Illuminate\\Http\\Request))
#38 /var/www/html/vendor/laravel/framework/src/Illuminate/Pipeline/Pipeline.php(219): Illuminate\\Http\\Middleware\\HandleCors->handle(Object(Illuminate\\Http\\Request), Object(Closure))
#39 /var/www/html/vendor/laravel/framework/src/Illuminate/Http/Middleware/TrustProxies.php(58): Illuminate\\Pipeline\\Pipeline->{closure:{closure:Illuminate\\Pipeline\\Pipeline::carry():194}:195}(Object(Illuminate\\Http\\Request))
#40 /var/www/html/vendor/laravel/framework/src/Illuminate/Pipeline/Pipeline.php(219): Illuminate\\Http\\Middleware\\TrustProxies->handle(Object(Illuminate\\Http\\Request), Object(Closure))
#41 /var/www/html/vendor/laravel/framework/src/Illuminate/Foundation/Http/Middleware/InvokeDeferredCallbacks.php(22): Illuminate\\Pipeline\\Pipeline->{closure:{closure:Illuminate\\Pipeline\\Pipeline::carry():194}:195}(Object(Illuminate\\Http\\Request))
#42 /var/www/html/vendor/laravel/framework/src/Illuminate/Pipeline/Pipeline.php(219): Illuminate\\Foundation\\Http\\Middleware\\InvokeDeferredCallbacks->handle(Object(Illuminate\\Http\\Request), Object(Closure))
#43 /var/www/html/vendor/laravel/framework/src/Illuminate/Http/Middleware/ValidatePathEncoding.php(28): Illuminate\\Pipeline\\Pipeline->{closure:{closure:Illuminate\\Pipeline\\Pipeline::carry():194}:195}(Object(Illuminate\\Http\\Request))
#44 /var/www/html/vendor/laravel/framework/src/Illuminate/Pipeline/Pipeline.php(219): Illuminate\\Http\\Middleware\\ValidatePathEncoding->handle(Object(Illuminate\\Http\\Request), Object(Closure))
#45 /var/www/html/vendor/laravel/framework/src/Illuminate/Pipeline/Pipeline.php(137): Illuminate\\Pipeline\\Pipeline->{closure:{closure:Illuminate\\Pipeline\\Pipeline::carry():194}:195}(Object(Illuminate\\Http\\Request))
#46 /var/www/html/vendor/laravel/framework/src/Illuminate/Foundation/Http/Kernel.php(175): Illuminate\\Pipeline\\Pipeline->then(Object(Closure))
#47 /var/www/html/vendor/laravel/framework/src/Illuminate/Foundation/Http/Kernel.php(144): Illuminate\\Foundation\\Http\\Kernel->sendRequestThroughRouter(Object(Illuminate\\Http\\Request))
#48 /var/www/html/vendor/laravel/framework/src/Illuminate/Foundation/Application.php(1227): Illuminate\\Foundation\\Http\\Kernel->handle(Object(Illuminate\\Http\\Request))
#49 /var/www/html/public/index.php(20): Illuminate\\Foundation\\Application->handleRequest(Object(Illuminate\\Http\\Request))
#50 {main}

[previous exception] [object] (PDOException(code: 42S02): SQLSTATE[42S02]: Base table or view not found: 1146 Table 'bulut_filo_yonetimi.sessions' doesn't exist at /var/www/html/vendor/laravel/framework/src/Illuminate/Database/Connection.php:435)
[stacktrace]
#0 /var/www/html/vendor/laravel/framework/src/Illuminate/Database/Connection.php(435): PDO->prepare('select * from `...')
#1 /var/www/html/vendor/laravel/framework/src/Illuminate/Database/Connection.php(846): Illuminate\\Database\\Connection->{closure:Illuminate\\Database\\Connection::select():426}('select * from `...', Array)
#2 /var/www/html/vendor/laravel/framework/src/Illuminate/Database/Connection.php(813): Illuminate\\Database\\Connection->runQueryCallback('select * from `...', Array, Object(Closure))
#3 /var/www/html/vendor/laravel/framework/src/Illuminate/Database/Connection.php(426): Illuminate\\Database\\Connection->run('select * from `...', Array, Object(Closure))
#4 /var/www/html/vendor/laravel/framework/src/Illuminate/Database/Query/Builder.php(3573): Illuminate\\Database\\Connection->select('select * from `...', Array, false, Array)
#5 /var/www/html/vendor/laravel/framework/src/Illuminate/Database/Query/Builder.php(3557): Illuminate\\Database\\Query\\Builder->runSelect()
#6 /var/www/html/vendor/laravel/framework/src/Illuminate/Database/Concerns/BuildsQueries.php(366): Illuminate\\Database\\Query\\Builder->get(Array)
#7 /var/www/html/vendor/laravel/framework/src/Illuminate/Database/Query/Builder.php(3475): Illuminate\\Database\\Query\\Builder->first(Array)
#8 /var/www/html/vendor/laravel/framework/src/Illuminate/Session/DatabaseSessionHandler.php(96): Illuminate\\Database\\Query\\Builder->find('BNjrPmdpkAyOk1A...')
#9 /var/www/html/vendor/laravel/framework/src/Illuminate/Session/Store.php(128): Illuminate\\Session\\DatabaseSessionHandler->read('BNjrPmdpkAyOk1A...')
#10 /var/www/html/vendor/laravel/framework/src/Illuminate/Session/Store.php(116): Illuminate\\Session\\Store->readFromHandler()
#11 /var/www/html/vendor/laravel/framework/src/Illuminate/Session/Store.php(100): Illuminate\\Session\\Store->loadSession()
#12 /var/www/html/vendor/laravel/framework/src/Illuminate/Session/Middleware/StartSession.php(146): Illuminate\\Session\\Store->start()
#13 /var/www/html/vendor/laravel/framework/src/Illuminate/Support/helpers.php(393): Illuminate\\Session\\Middleware\\StartSession->{closure:Illuminate\\Session\\Middleware\\StartSession::startSession():143}(Object(Illuminate\\Session\\Store))
#14 /var/www/html/vendor/laravel/framework/src/Illuminate/Session/Middleware/StartSession.php(143): tap(Object(Illuminate\\Session\\Store), Object(Closure))
#15 /var/www/html/vendor/laravel/framework/src/Illuminate/Session/Middleware/StartSession.php(115): Illuminate\\Session\\Middleware\\StartSession->startSession(Object(Illuminate\\Http\\Request), Object(Illuminate\\Session\\Store))
#16 /var/www/html/vendor/laravel/framework/src/Illuminate/Session/Middleware/StartSession.php(63): Illuminate\\Session\\Middleware\\StartSession->handleStatefulRequest(Object(Illuminate\\Http\\Request), Object(Illuminate\\Session\\Store), Object(Closure))
#17 /var/www/html/vendor/laravel/framework/src/Illuminate/Pipeline/Pipeline.php(219): Illuminate\\Session\\Middleware\\StartSession->handle(Object(Illuminate\\Http\\Request), Object(Closure))
#18 /var/www/html/vendor/laravel/framework/src/Illuminate/Cookie/Middleware/AddQueuedCookiesToResponse.php(36): Illuminate\\Pipeline\\Pipeline->{closure:{closure:Illuminate\\Pipeline\\Pipeline::carry():194}:195}(Object(Illuminate\\Http\\Request))
#19 /var/www/html/vendor/laravel/framework/src/Illuminate/Pipeline/Pipeline.php(219): Illuminate\\Cookie\\Middleware\\AddQueuedCookiesToResponse->handle(Object(Illuminate\\Http\\Request), Object(Closure))
#20 /var/www/html/vendor/laravel/framework/src/Illuminate/Cookie/Middleware/EncryptCookies.php(74): Illuminate\\Pipeline\\Pipeline->{closure:{closure:Illuminate\\Pipeline\\Pipeline::carry():194}:195}(Object(Illuminate\\Http\\Request))
#21 /var/www/html/vendor/laravel/framework/src/Illuminate/Pipeline/Pipeline.php(219): Illuminate\\Cookie\\Middleware\\EncryptCookies->handle(Object(Illuminate\\Http\\Request), Object(Closure))
#22 /var/www/html/vendor/laravel/framework/src/Illuminate/Pipeline/Pipeline.php(137): Illuminate\\Pipeline\\Pipeline->{closure:{closure:Illuminate\\Pipeline\\Pipeline::carry():194}:195}(Object(Illuminate\\Http\\Request))
#23 /var/www/html/vendor/laravel/framework/src/Illuminate/Routing/Router.php(821): Illuminate\\Pipeline\\Pipeline->then(Object(Closure))
#24 /var/www/html/vendor/laravel/framework/src/Illuminate/Routing/Router.php(800): Illuminate\\Routing\\Router->runRouteWithinStack(Object(Illuminate\\Routing\\Route), Object(Illuminate\\Http\\Request))
#25 /var/www/html/vendor/laravel/framework/src/Illuminate/Routing/Router.php(764): Illuminate\\Routing\\Router->runRoute(Object(Illuminate\\Http\\Request), Object(Illuminate\\Routing\\Route))
#26 /var/www/html/vendor/laravel/framework/src/Illuminate/Routing/Router.php(753): Illuminate\\Routing\\Router->dispatchToRoute(Object(Illuminate\\Http\\Request))
#27 /var/www/html/vendor/laravel/framework/src/Illuminate/Foundation/Http/Kernel.php(200): Illuminate\\Routing\\Router->dispatch(Object(Illuminate\\Http\\Request))
#28 /var/www/html/vendor/laravel/framework/src/Illuminate/Pipeline/Pipeline.php(180): Illuminate\\Foundation\\Http\\Kernel->{closure:Illuminate\\Foundation\\Http\\Kernel::dispatchToRouter():197}(Object(Illuminate\\Http\\Request))
#29 /var/www/html/vendor/laravel/framework/src/Illuminate/Foundation/Http/Middleware/TransformsRequest.php(21): Illuminate\\Pipeline\\Pipeline->{closure:Illuminate\\Pipeline\\Pipeline::prepareDestination():178}(Object(Illuminate\\Http\\Request))
#30 /var/www/html/vendor/laravel/framework/src/Illuminate/Foundation/Http/Middleware/ConvertEmptyStringsToNull.php(31): Illuminate\\Foundation\\Http\\Middleware\\TransformsRequest->handle(Object(Illuminate\\Http\\Request), Object(Closure))
#31 /var/www/html/vendor/laravel/framework/src/Illuminate/Pipeline/Pipeline.php(219): Illuminate\\Foundation\\Http\\Middleware\\ConvertEmptyStringsToNull->handle(Object(Illuminate\\Http\\Request), Object(Closure))
#32 /var/www/html/vendor/laravel/framework/src/Illuminate/Foundation/Http/Middleware/TransformsRequest.php(21): Illuminate\\Pipeline\\Pipeline->{closure:{closure:Illuminate\\Pipeline\\Pipeline::carry():194}:195}(Object(Illuminate\\Http\\Request))
#33 /var/www/html/vendor/laravel/framework/src/Illuminate/Foundation/Http/Middleware/TrimStrings.php(51): Illuminate\\Foundation\\Http\\Middleware\\TransformsRequest->handle(Object(Illuminate\\Http\\Request), Object(Closure))
#34 /var/www/html/vendor/laravel/framework/src/Illuminate/Pipeline/Pipeline.php(219): Illuminate\\Foundation\\Http\\Middleware\\TrimStrings->handle(Object(Illuminate\\Http\\Request), Object(Closure))
#35 /var/www/html/vendor/laravel/framework/src/Illuminate/Http/Middleware/ValidatePostSize.php(27): Illuminate\\Pipeline\\Pipeline->{closure:{closure:Illuminate\\Pipeline\\Pipeline::carry():194}:195}(Object(Illuminate\\Http\\Request))
#36 /var/www/html/vendor/laravel/framework/src/Illuminate/Pipeline/Pipeline.php(219): Illuminate\\Http\\Middleware\\ValidatePostSize->handle(Object(Illuminate\\Http\\Request), Object(Closure))
#37 /var/www/html/vendor/laravel/framework/src/Illuminate/Foundation/Http/Middleware/PreventRequestsDuringMaintenance.php(110): Illuminate\\Pipeline\\Pipeline->{closure:{closure:Illuminate\\Pipeline\\Pipeline::carry():194}:195}(Object(Illuminate\\Http\\Request))
#38 /var/www/html/vendor/laravel/framework/src/Illuminate/Pipeline/Pipeline.php(219): Illuminate\\Foundation\\Http\\Middleware\\PreventRequestsDuringMaintenance->handle(Object(Illuminate\\Http\\Request), Object(Closure))
#39 /var/www/html/vendor/laravel/framework/src/Illuminate/Http/Middleware/HandleCors.php(61): Illuminate\\Pipeline\\Pipeline->{closure:{closure:Illuminate\\Pipeline\\Pipeline::carry():194}:195}(Object(Illuminate\\Http\\Request))
#40 /var/www/html/vendor/laravel/framework/src/Illuminate/Pipeline/Pipeline.php(219): Illuminate\\Http\\Middleware\\HandleCors->handle(Object(Illuminate\\Http\\Request), Object(Closure))
#41 /var/www/html/vendor/laravel/framework/src/Illuminate/Http/Middleware/TrustProxies.php(58): Illuminate\\Pipeline\\Pipeline->{closure:{closure:Illuminate\\Pipeline\\Pipeline::carry():194}:195}(Object(Illuminate\\Http\\Request))
#42 /var/www/html/vendor/laravel/framework/src/Illuminate/Pipeline/Pipeline.php(219): Illuminate\\Http\\Middleware\\TrustProxies->handle(Object(Illuminate\\Http\\Request), Object(Closure))
#43 /var/www/html/vendor/laravel/framework/src/Illuminate/Foundation/Http/Middleware/InvokeDeferredCallbacks.php(22): Illuminate\\Pipeline\\Pipeline->{closure:{closure:Illuminate\\Pipeline\\Pipeline::carry():194}:195}(Object(Illuminate\\Http\\Request))
#44 /var/www/html/vendor/laravel/framework/src/Illuminate/Pipeline/Pipeline.php(219): Illuminate\\Foundation\\Http\\Middleware\\InvokeDeferredCallbacks->handle(Object(Illuminate\\Http\\Request), Object(Closure))
#45 /var/www/html/vendor/laravel/framework/src/Illuminate/Http/Middleware/ValidatePathEncoding.php(28): Illuminate\\Pipeline\\Pipeline->{closure:{closure:Illuminate\\Pipeline\\Pipeline::carry():194}:195}(Object(Illuminate\\Http\\Request))
#46 /var/www/html/vendor/laravel/framework/src/Illuminate/Pipeline/Pipeline.php(219): Illuminate\\Http\\Middleware\\ValidatePathEncoding->handle(Object(Illuminate\\Http\\Request), Object(Closure))
#47 /var/www/html/vendor/laravel/framework/src/Illuminate/Pipeline/Pipeline.php(137): Illuminate\\Pipeline\\Pipeline->{closure:{closure:Illuminate\\Pipeline\\Pipeline::carry():194}:195}(Object(Illuminate\\Http\\Request))
#48 /var/www/html/vendor/laravel/framework/src/Illuminate/Foundation/Http/Kernel.php(175): Illuminate\\Pipeline\\Pipeline->then(Object(Closure))
#49 /var/www/html/vendor/laravel/framework/src/Illuminate/Foundation/Http/Kernel.php(144): Illuminate\\Foundation\\Http\\Kernel->sendRequestThroughRouter(Object(Illuminate\\Http\\Request))
#50 /var/www/html/vendor/laravel/framework/src/Illuminate/Foundation/Application.php(1227): Illuminate\\Foundation\\Http\\Kernel->handle(Object(Illuminate\\Http\\Request))
#51 /var/www/html/public/index.php(20): Illuminate\\Foundation\\Application->handleRequest(Object(Illuminate\\Http\\Request))
#52 {main}
"} 
[2026-08-24 12:34:14] local.ERROR: SQLSTATE[42S02]: Base table or view not found: 1146 Table 'bulut_filo_yonetimi.sessions' doesn't exist (Connection: mysql, Host: mysql, Port: 3306, Database: bulut_filo_yonetimi, SQL: select * from `sessions` where `id` = ikQxWRSgOnfC2aTfnBWRQxkdyNB1sKH5NcXjwKxx limit 1) {"exception":"[object] (Illuminate\\Database\\QueryException(code: 42S02): SQLSTATE[42S02]: Base table or view not found: 1146 Table 'bulut_filo_yonetimi.sessions' doesn't exist (Connection: mysql, Host: mysql, Port: 3306, Database: bulut_filo_yonetimi, SQL: select * from `sessions` where `id` = ikQxWRSgOnfC2aTfnBWRQxkdyNB1sKH5NcXjwKxx limit 1) at /var/www/html/vendor/laravel/framework/src/Illuminate/Database/Connection.php:857)
[stacktrace]
#0 /var/www/html/vendor/laravel/framework/src/Illuminate/Database/Connection.php(813): Illuminate\\Database\\Connection->runQueryCallback('select * from `...', Array, Object(Closure))
#1 /var/www/html/vendor/laravel/framework/src/Illuminate/Database/Connection.php(426): Illuminate\\Database\\Connection->run('select * from `...', Array, Object(Closure))
#2 /var/www/html/vendor/laravel/framework/src/Illuminate/Database/Query/Builder.php(3573): Illuminate\\Database\\Connection->select('select * from `...', Array, false, Array)
#3 /var/www/html/vendor/laravel/framework/src/Illuminate/Database/Query/Builder.php(3557): Illuminate\\Database\\Query\\Builder->runSelect()
#4 /var/www/html/vendor/laravel/framework/src/Illuminate/Database/Concerns/BuildsQueries.php(366): Illuminate\\Database\\Query\\Builder->get(Array)
#5 /var/www/html/vendor/laravel/framework/src/Illuminate/Database/Query/Builder.php(3475): Illuminate\\Database\\Query\\Builder->first(Array)
#6 /var/www/html/vendor/laravel/framework/src/Illuminate/Session/DatabaseSessionHandler.php(96): Illuminate\\Database\\Query\\Builder->find('ikQxWRSgOnfC2aT...')
#7 /var/www/html/vendor/laravel/framework/src/Illuminate/Session/Store.php(128): Illuminate\\Session\\DatabaseSessionHandler->read('ikQxWRSgOnfC2aT...')
#8 /var/www/html/vendor/laravel/framework/src/Illuminate/Session/Store.php(116): Illuminate\\Session\\Store->readFromHandler()
#9 /var/www/html/vendor/laravel/framework/src/Illuminate/Session/Store.php(100): Illuminate\\Session\\Store->loadSession()
#10 /var/www/html/vendor/laravel/framework/src/Illuminate/Session/Middleware/StartSession.php(146): Illuminate\\Session\\Store->start()
#11 /var/www/html/vendor/laravel/framework/src/Illuminate/Support/helpers.php(393): Illuminate\\Session\\Middleware\\StartSession->{closure:Illuminate\\Session\\Middleware\\StartSession::startSession():143}(Object(Illuminate\\Session\\Store))
#12 /var/www/html/vendor/laravel/framework/src/Illuminate/Session/Middleware/StartSession.php(143): tap(Object(Illuminate\\Session\\Store), Object(Closure))
#13 /var/www/html/vendor/laravel/framework/src/Illuminate/Session/Middleware/StartSession.php(115): Illuminate\\Session\\Middleware\\StartSession->startSession(Object(Illuminate\\Http\\Request), Object(Illuminate\\Session\\Store))
#14 /var/www/html/vendor/laravel/framework/src/Illuminate/Session/Middleware/StartSession.php(63): Illuminate\\Session\\Middleware\\StartSession->handleStatefulRequest(Object(Illuminate\\Http\\Request), Object(Illuminate\\Session\\Store), Object(Closure))
#15 /var/www/html/vendor/laravel/framework/src/Illuminate/Pipeline/Pipeline.php(219): Illuminate\\Session\\Middleware\\StartSession->handle(Object(Illuminate\\Http\\Request), Object(Closure))
#16 /var/www/html/vendor/laravel/framework/src/Illuminate/Cookie/Middleware/AddQueuedCookiesToResponse.php(36): Illuminate\\Pipeline\\Pipeline->{closure:{closure:Illuminate\\Pipeline\\Pipeline::carry():194}:195}(Object(Illuminate\\Http\\Request))
#17 /var/www/html/vendor/laravel/framework/src/Illuminate/Pipeline/Pipeline.php(219): Illuminate\\Cookie\\Middleware\\AddQueuedCookiesToResponse->handle(Object(Illuminate\\Http\\Request), Object(Closure))
#18 /var/www/html/vendor/laravel/framework/src/Illuminate/Cookie/Middleware/EncryptCookies.php(74): Illuminate\\Pipeline\\Pipeline->{closure:{closure:Illuminate\\Pipeline\\Pipeline::carry():194}:195}(Object(Illuminate\\Http\\Request))
#19 /var/www/html/vendor/laravel/framework/src/Illuminate/Pipeline/Pipeline.php(219): Illuminate\\Cookie\\Middleware\\EncryptCookies->handle(Object(Illuminate\\Http\\Request), Object(Closure))
#20 /var/www/html/vendor/laravel/framework/src/Illuminate/Pipeline/Pipeline.php(137): Illuminate\\Pipeline\\Pipeline->{closure:{closure:Illuminate\\Pipeline\\Pipeline::carry():194}:195}(Object(Illuminate\\Http\\Request))
#21 /var/www/html/vendor/laravel/framework/src/Illuminate/Routing/Router.php(821): Illuminate\\Pipeline\\Pipeline->then(Object(Closure))
#22 /var/www/html/vendor/laravel/framework/src/Illuminate/Routing/Router.php(800): Illuminate\\Routing\\Router->runRouteWithinStack(Object(Illuminate\\Routing\\Route), Object(Illuminate\\Http\\Request))
#23 /var/www/html/vendor/laravel/framework/src/Illuminate/Routing/Router.php(764): Illuminate\\Routing\\Router->runRoute(Object(Illuminate\\Http\\Request), Object(Illuminate\\Routing\\Route))
#24 /var/www/html/vendor/laravel/framework/src/Illuminate/Routing/Router.php(753): Illuminate\\Routing\\Router->dispatchToRoute(Object(Illuminate\\Http\\Request))
#25 /var/www/html/vendor/laravel/framework/src/Illuminate/Foundation/Http/Kernel.php(200): Illuminate\\Routing\\Router->dispatch(Object(Illuminate\\Http\\Request))
#26 /var/www/html/vendor/laravel/framework/src/Illuminate/Pipeline/Pipeline.php(180): Illuminate\\Foundation\\Http\\Kernel->{closure:Illuminate\\Foundation\\Http\\Kernel::dispatchToRouter():197}(Object(Illuminate\\Http\\Request))
#27 /var/www/html/vendor/laravel/framework/src/Illuminate/Foundation/Http/Middleware/TransformsRequest.php(21): Illuminate\\Pipeline\\Pipeline->{closure:Illuminate\\Pipeline\\Pipeline::prepareDestination():178}(Object(Illuminate\\Http\\Request))
#28 /var/www/html/vendor/laravel/framework/src/Illuminate/Foundation/Http/Middleware/ConvertEmptyStringsToNull.php(31): Illuminate\\Foundation\\Http\\Middleware\\TransformsRequest->handle(Object(Illuminate\\Http\\Request), Object(Closure))
#29 /var/www/html/vendor/laravel/framework/src/Illuminate/Pipeline/Pipeline.php(219): Illuminate\\Foundation\\Http\\Middleware\\ConvertEmptyStringsToNull->handle(Object(Illuminate\\Http\\Request), Object(Closure))
#30 /var/www/html/vendor/laravel/framework/src/Illuminate/Foundation/Http/Middleware/TransformsRequest.php(21): Illuminate\\Pipeline\\Pipeline->{closure:{closure:Illuminate\\Pipeline\\Pipeline::carry():194}:195}(Object(Illuminate\\Http\\Request))
#31 /var/www/html/vendor/laravel/framework/src/Illuminate/Foundation/Http/Middleware/TrimStrings.php(51): Illuminate\\Foundation\\Http\\Middleware\\TransformsRequest->handle(Object(Illuminate\\Http\\Request), Object(Closure))
#32 /var/www/html/vendor/laravel/framework/src/Illuminate/Pipeline/Pipeline.php(219): Illuminate\\Foundation\\Http\\Middleware\\TrimStrings->handle(Object(Illuminate\\Http\\Request), Object(Closure))
#33 /var/www/html/vendor/laravel/framework/src/Illuminate/Http/Middleware/ValidatePostSize.php(27): Illuminate\\Pipeline\\Pipeline->{closure:{closure:Illuminate\\Pipeline\\Pipeline::carry():194}:195}(Object(Illuminate\\Http\\Request))
#34 /var/www/html/vendor/laravel/framework/src/Illuminate/Pipeline/Pipeline.php(219): Illuminate\\Http\\Middleware\\ValidatePostSize->handle(Object(Illuminate\\Http\\Request), Object(Closure))
#35 /var/www/html/vendor/laravel/framework/src/Illuminate/Foundation/Http/Middleware/PreventRequestsDuringMaintenance.php(110): Illuminate\\Pipeline\\Pipeline->{closure:{closure:Illuminate\\Pipeline\\Pipeline::carry():194}:195}(Object(Illuminate\\Http\\Request))
#36 /var/www/html/vendor/laravel/framework/src/Illuminate/Pipeline/Pipeline.php(219): Illuminate\\Foundation\\Http\\Middleware\\PreventRequestsDuringMaintenance->handle(Object(Illuminate\\Http\\Request), Object(Closure))
#37 /var/www/html/vendor/laravel/framework/src/Illuminate/Http/Middleware/HandleCors.php(61): Illuminate\\Pipeline\\Pipeline->{closure:{closure:Illuminate\\Pipeline\\Pipeline::carry():194}:195}(Object(Illuminate\\Http\\Request))
#38 /var/www/html/vendor/laravel/framework/src/Illuminate/Pipeline/Pipeline.php(219): Illuminate\\Http\\Middleware\\HandleCors->handle(Object(Illuminate\\Http\\Request), Object(Closure))
#39 /var/www/html/vendor/laravel/framework/src/Illuminate/Http/Middleware/TrustProxies.php(58): Illuminate\\Pipeline\\Pipeline->{closure:{closure:Illuminate\\Pipeline\\Pipeline::carry():194}:195}(Object(Illuminate\\Http\\Request))
#40 /var/www/html/vendor/laravel/framework/src/Illuminate/Pipeline/Pipeline.php(219): Illuminate\\Http\\Middleware\\TrustProxies->handle(Object(Illuminate\\Http\\Request), Object(Closure))
#41 /var/www/html/vendor/laravel/framework/src/Illuminate/Foundation/Http/Middleware/InvokeDeferredCallbacks.php(22): Illuminate\\Pipeline\\Pipeline->{closure:{closure:Illuminate\\Pipeline\\Pipeline::carry():194}:195}(Object(Illuminate\\Http\\Request))
#42 /var/www/html/vendor/laravel/framework/src/Illuminate/Pipeline/Pipeline.php(219): Illuminate\\Foundation\\Http\\Middleware\\InvokeDeferredCallbacks->handle(Object(Illuminate\\Http\\Request), Object(Closure))
#43 /var/www/html/vendor/laravel/framework/src/Illuminate/Http/Middleware/ValidatePathEncoding.php(28): Illuminate\\Pipeline\\Pipeline->{closure:{closure:Illuminate\\Pipeline\\Pipeline::carry():194}:195}(Object(Illuminate\\Http\\Request))
#44 /var/www/html/vendor/laravel/framework/src/Illuminate/Pipeline/Pipeline.php(219): Illuminate\\Http\\Middleware\\ValidatePathEncoding->handle(Object(Illuminate\\Http\\Request), Object(Closure))
#45 /var/www/html/vendor/laravel/framework/src/Illuminate/Pipeline/Pipeline.php(137): Illuminate\\Pipeline\\Pipeline->{closure:{closure:Illuminate\\Pipeline\\Pipeline::carry():194}:195}(Object(Illuminate\\Http\\Request))
#46 /var/www/html/vendor/laravel/framework/src/Illuminate/Foundation/Http/Kernel.php(175): Illuminate\\Pipeline\\Pipeline->then(Object(Closure))
#47 /var/www/html/vendor/laravel/framework/src/Illuminate/Foundation/Http/Kernel.php(144): Illuminate\\Foundation\\Http\\Kernel->sendRequestThroughRouter(Object(Illuminate\\Http\\Request))
#48 /var/www/html/vendor/laravel/framework/src/Illuminate/Foundation/Application.php(1227): Illuminate\\Foundation\\Http\\Kernel->handle(Object(Illuminate\\Http\\Request))
#49 /var/www/html/public/index.php(20): Illuminate\\Foundation\\Application->handleRequest(Object(Illuminate\\Http\\Request))
#50 {main}

[previous exception] [object] (PDOException(code: 42S02): SQLSTATE[42S02]: Base table or view not found: 1146 Table 'bulut_filo_yonetimi.sessions' doesn't exist at /var/www/html/vendor/laravel/framework/src/Illuminate/Database/Connection.php:435)
[stacktrace]
#0 /var/www/html/vendor/laravel/framework/src/Illuminate/Database/Connection.php(435): PDO->prepare('select * from `...')
#1 /var/www/html/vendor/laravel/framework/src/Illuminate/Database/Connection.php(846): Illuminate\\Database\\Connection->{closure:Illuminate\\Database\\Connection::select():426}('select * from `...', Array)
#2 /var/www/html/vendor/laravel/framework/src/Illuminate/Database/Connection.php(813): Illuminate\\Database\\Connection->runQueryCallback('select * from `...', Array, Object(Closure))
#3 /var/www/html/vendor/laravel/framework/src/Illuminate/Database/Connection.php(426): Illuminate\\Database\\Connection->run('select * from `...', Array, Object(Closure))
#4 /var/www/html/vendor/laravel/framework/src/Illuminate/Database/Query/Builder.php(3573): Illuminate\\Database\\Connection->select('select * from `...', Array, false, Array)
#5 /var/www/html/vendor/laravel/framework/src/Illuminate/Database/Query/Builder.php(3557): Illuminate\\Database\\Query\\Builder->runSelect()
#6 /var/www/html/vendor/laravel/framework/src/Illuminate/Database/Concerns/BuildsQueries.php(366): Illuminate\\Database\\Query\\Builder->get(Array)
#7 /var/www/html/vendor/laravel/framework/src/Illuminate/Database/Query/Builder.php(3475): Illuminate\\Database\\Query\\Builder->first(Array)
#8 /var/www/html/vendor/laravel/framework/src/Illuminate/Session/DatabaseSessionHandler.php(96): Illuminate\\Database\\Query\\Builder->find('ikQxWRSgOnfC2aT...')
#9 /var/www/html/vendor/laravel/framework/src/Illuminate/Session/Store.php(128): Illuminate\\Session\\DatabaseSessionHandler->read('ikQxWRSgOnfC2aT...')
#10 /var/www/html/vendor/laravel/framework/src/Illuminate/Session/Store.php(116): Illuminate\\Session\\Store->readFromHandler()
#11 /var/www/html/vendor/laravel/framework/src/Illuminate/Session/Store.php(100): Illuminate\\Session\\Store->loadSession()
#12 /var/www/html/vendor/laravel/framework/src/Illuminate/Session/Middleware/StartSession.php(146): Illuminate\\Session\\Store->start()
#13 /var/www/html/vendor/laravel/framework/src/Illuminate/Support/helpers.php(393): Illuminate\\Session\\Middleware\\StartSession->{closure:Illuminate\\Session\\Middleware\\StartSession::startSession():143}(Object(Illuminate\\Session\\Store))
#14 /var/www/html/vendor/laravel/framework/src/Illuminate/Session/Middleware/StartSession.php(143): tap(Object(Illuminate\\Session\\Store), Object(Closure))
#15 /var/www/html/vendor/laravel/framework/src/Illuminate/Session/Middleware/StartSession.php(115): Illuminate\\Session\\Middleware\\StartSession->startSession(Object(Illuminate\\Http\\Request), Object(Illuminate\\Session\\Store))
#16 /var/www/html/vendor/laravel/framework/src/Illuminate/Session/Middleware/StartSession.php(63): Illuminate\\Session\\Middleware\\StartSession->handleStatefulRequest(Object(Illuminate\\Http\\Request), Object(Illuminate\\Session\\Store), Object(Closure))
#17 /var/www/html/vendor/laravel/framework/src/Illuminate/Pipeline/Pipeline.php(219): Illuminate\\Session\\Middleware\\StartSession->handle(Object(Illuminate\\Http\\Request), Object(Closure))
#18 /var/www/html/vendor/laravel/framework/src/Illuminate/Cookie/Middleware/AddQueuedCookiesToResponse.php(36): Illuminate\\Pipeline\\Pipeline->{closure:{closure:Illuminate\\Pipeline\\Pipeline::carry():194}:195}(Object(Illuminate\\Http\\Request))
#19 /var/www/html/vendor/laravel/framework/src/Illuminate/Pipeline/Pipeline.php(219): Illuminate\\Cookie\\Middleware\\AddQueuedCookiesToResponse->handle(Object(Illuminate\\Http\\Request), Object(Closure))
#20 /var/www/html/vendor/laravel/framework/src/Illuminate/Cookie/Middleware/EncryptCookies.php(74): Illuminate\\Pipeline\\Pipeline->{closure:{closure:Illuminate\\Pipeline\\Pipeline::carry():194}:195}(Object(Illuminate\\Http\\Request))
#21 /var/www/html/vendor/laravel/framework/src/Illuminate/Pipeline/Pipeline.php(219): Illuminate\\Cookie\\Middleware\\EncryptCookies->handle(Object(Illuminate\\Http\\Request), Object(Closure))
#22 /var/www/html/vendor/laravel/framework/src/Illuminate/Pipeline/Pipeline.php(137): Illuminate\\Pipeline\\Pipeline->{closure:{closure:Illuminate\\Pipeline\\Pipeline::carry():194}:195}(Object(Illuminate\\Http\\Request))
#23 /var/www/html/vendor/laravel/framework/src/Illuminate/Routing/Router.php(821): Illuminate\\Pipeline\\Pipeline->then(Object(Closure))
#24 /var/www/html/vendor/laravel/framework/src/Illuminate/Routing/Router.php(800): Illuminate\\Routing\\Router->runRouteWithinStack(Object(Illuminate\\Routing\\Route), Object(Illuminate\\Http\\Request))
#25 /var/www/html/vendor/laravel/framework/src/Illuminate/Routing/Router.php(764): Illuminate\\Routing\\Router->runRoute(Object(Illuminate\\Http\\Request), Object(Illuminate\\Routing\\Route))
#26 /var/www/html/vendor/laravel/framework/src/Illuminate/Routing/Router.php(753): Illuminate\\Routing\\Router->dispatchToRoute(Object(Illuminate\\Http\\Request))
#27 /var/www/html/vendor/laravel/framework/src/Illuminate/Foundation/Http/Kernel.php(200): Illuminate\\Routing\\Router->dispatch(Object(Illuminate\\Http\\Request))
#28 /var/www/html/vendor/laravel/framework/src/Illuminate/Pipeline/Pipeline.php(180): Illuminate\\Foundation\\Http\\Kernel->{closure:Illuminate\\Foundation\\Http\\Kernel::dispatchToRouter():197}(Object(Illuminate\\Http\\Request))
#29 /var/www/html/vendor/laravel/framework/src/Illuminate/Foundation/Http/Middleware/TransformsRequest.php(21): Illuminate\\Pipeline\\Pipeline->{closure:Illuminate\\Pipeline\\Pipeline::prepareDestination():178}(Object(Illuminate\\Http\\Request))
#30 /var/www/html/vendor/laravel/framework/src/Illuminate/Foundation/Http/Middleware/ConvertEmptyStringsToNull.php(31): Illuminate\\Foundation\\Http\\Middleware\\TransformsRequest->handle(Object(Illuminate\\Http\\Request), Object(Closure))
#31 /var/www/html/vendor/laravel/framework/src/Illuminate/Pipeline/Pipeline.php(219): Illuminate\\Foundation\\Http\\Middleware\\ConvertEmptyStringsToNull->handle(Object(Illuminate\\Http\\Request), Object(Closure))
#32 /var/www/html/vendor/laravel/framework/src/Illuminate/Foundation/Http/Middleware/TransformsRequest.php(21): Illuminate\\Pipeline\\Pipeline->{closure:{closure:Illuminate\\Pipeline\\Pipeline::carry():194}:195}(Object(Illuminate\\Http\\Request))
#33 /var/www/html/vendor/laravel/framework/src/Illuminate/Foundation/Http/Middleware/TrimStrings.php(51): Illuminate\\Foundation\\Http\\Middleware\\TransformsRequest->handle(Object(Illuminate\\Http\\Request), Object(Closure))
#34 /var/www/html/vendor/laravel/framework/src/Illuminate/Pipeline/Pipeline.php(219): Illuminate\\Foundation\\Http\\Middleware\\TrimStrings->handle(Object(Illuminate\\Http\\Request), Object(Closure))
#35 /var/www/html/vendor/laravel/framework/src/Illuminate/Http/Middleware/ValidatePostSize.php(27): Illuminate\\Pipeline\\Pipeline->{closure:{closure:Illuminate\\Pipeline\\Pipeline::carry():194}:195}(Object(Illuminate\\Http\\Request))
#36 /var/www/html/vendor/laravel/framework/src/Illuminate/Pipeline/Pipeline.php(219): Illuminate\\Http\\Middleware\\ValidatePostSize->handle(Object(Illuminate\\Http\\Request), Object(Closure))
#37 /var/www/html/vendor/laravel/framework/src/Illuminate/Foundation/Http/Middleware/PreventRequestsDuringMaintenance.php(110): Illuminate\\Pipeline\\Pipeline->{closure:{closure:Illuminate\\Pipeline\\Pipeline::carry():194}:195}(Object(Illuminate\\Http\\Request))
#38 /var/www/html/vendor/laravel/framework/src/Illuminate/Pipeline/Pipeline.php(219): Illuminate\\Foundation\\Http\\Middleware\\PreventRequestsDuringMaintenance->handle(Object(Illuminate\\Http\\Request), Object(Closure))
#39 /var/www/html/vendor/laravel/framework/src/Illuminate/Http/Middleware/HandleCors.php(61): Illuminate\\Pipeline\\Pipeline->{closure:{closure:Illuminate\\Pipeline\\Pipeline::carry():194}:195}(Object(Illuminate\\Http\\Request))
#40 /var/www/html/vendor/laravel/framework/src/Illuminate/Pipeline/Pipeline.php(219): Illuminate\\Http\\Middleware\\HandleCors->handle(Object(Illuminate\\Http\\Request), Object(Closure))
#41 /var/www/html/vendor/laravel/framework/src/Illuminate/Http/Middleware/TrustProxies.php(58): Illuminate\\Pipeline\\Pipeline->{closure:{closure:Illuminate\\Pipeline\\Pipeline::carry():194}:195}(Object(Illuminate\\Http\\Request))
#42 /var/www/html/vendor/laravel/framework/src/Illuminate/Pipeline/Pipeline.php(219): Illuminate\\Http\\Middleware\\TrustProxies->handle(Object(Illuminate\\Http\\Request), Object(Closure))
#43 /var/www/html/vendor/laravel/framework/src/Illuminate/Foundation/Http/Middleware/InvokeDeferredCallbacks.php(22): Illuminate\\Pipeline\\Pipeline->{closure:{closure:Illuminate\\Pipeline\\Pipeline::carry():194}:195}(Object(Illuminate\\Http\\Request))
#44 /var/www/html/vendor/laravel/framework/src/Illuminate/Pipeline/Pipeline.php(219): Illuminate\\Foundation\\Http\\Middleware\\InvokeDeferredCallbacks->handle(Object(Illuminate\\Http\\Request), Object(Closure))
#45 /var/www/html/vendor/laravel/framework/src/Illuminate/Http/Middleware/ValidatePathEncoding.php(28): Illuminate\\Pipeline\\Pipeline->{closure:{closure:Illuminate\\Pipeline\\Pipeline::carry():194}:195}(Object(Illuminate\\Http\\Request))
#46 /var/www/html/vendor/laravel/framework/src/Illuminate/Pipeline/Pipeline.php(219): Illuminate\\Http\\Middleware\\ValidatePathEncoding->handle(Object(Illuminate\\Http\\Request), Object(Closure))
#47 /var/www/html/vendor/laravel/framework/src/Illuminate/Pipeline/Pipeline.php(137): Illuminate\\Pipeline\\Pipeline->{closure:{closure:Illuminate\\Pipeline\\Pipeline::carry():194}:195}(Object(Illuminate\\Http\\Request))
#48 /var/www/html/vendor/laravel/framework/src/Illuminate/Foundation/Http/Kernel.php(175): Illuminate\\Pipeline\\Pipeline->then(Object(Closure))
#49 /var/www/html/vendor/laravel/framework/src/Illuminate/Foundation/Http/Kernel.php(144): Illuminate\\Foundation\\Http\\Kernel->sendRequestThroughRouter(Object(Illuminate\\Http\\Request))
#50 /var/www/html/vendor/laravel/framework/src/Illuminate/Foundation/Application.php(1227): Illuminate\\Foundation\\Http\\Kernel->handle(Object(Illuminate\\Http\\Request))
#51 /var/www/html/public/index.php(20): Illuminate\\Foundation\\Application->handleRequest(Object(Illuminate\\Http\\Request))
#52 {main}
"} 
[2026-08-24 12:35:05] local.ERROR: SQLSTATE[42S02]: Base table or view not found: 1146 Table 'bulut_filo_yonetimi.sessions' doesn't exist (Connection: mysql, Host: mysql, Port: 3306, Database: bulut_filo_yonetimi, SQL: select * from `sessions` where `id` = AzMtNEUQCSFBwub4ltLXxnICJn1FT8ZJWT3G9QHD limit 1) {"exception":"[object] (Illuminate\\Database\\QueryException(code: 42S02): SQLSTATE[42S02]: Base table or view not found: 1146 Table 'bulut_filo_yonetimi.sessions' doesn't exist (Connection: mysql, Host: mysql, Port: 3306, Database: bulut_filo_yonetimi, SQL: select * from `sessions` where `id` = AzMtNEUQCSFBwub4ltLXxnICJn1FT8ZJWT3G9QHD limit 1) at /var/www/html/vendor/laravel/framework/src/Illuminate/Database/Connection.php:857)
[stacktrace]
#0 /var/www/html/vendor/laravel/framework/src/Illuminate/Database/Connection.php(813): Illuminate\\Database\\Connection->runQueryCallback('select * from `...', Array, Object(Closure))
#1 /var/www/html/vendor/laravel/framework/src/Illuminate/Database/Connection.php(426): Illuminate\\Database\\Connection->run('select * from `...', Array, Object(Closure))
#2 /var/www/html/vendor/laravel/framework/src/Illuminate/Database/Query/Builder.php(3573): Illuminate\\Database\\Connection->select('select * from `...', Array, false, Array)
#3 /var/www/html/vendor/laravel/framework/src/Illuminate/Database/Query/Builder.php(3557): Illuminate\\Database\\Query\\Builder->runSelect()
#4 /var/www/html/vendor/laravel/framework/src/Illuminate/Database/Concerns/BuildsQueries.php(366): Illuminate\\Database\\Query\\Builder->get(Array)
#5 /var/www/html/vendor/laravel/framework/src/Illuminate/Database/Query/Builder.php(3475): Illuminate\\Database\\Query\\Builder->first(Array)
#6 /var/www/html/vendor/laravel/framework/src/Illuminate/Session/DatabaseSessionHandler.php(96): Illuminate\\Database\\Query\\Builder->find('AzMtNEUQCSFBwub...')
#7 /var/www/html/vendor/laravel/framework/src/Illuminate/Session/Store.php(128): Illuminate\\Session\\DatabaseSessionHandler->read('AzMtNEUQCSFBwub...')
#8 /var/www/html/vendor/laravel/framework/src/Illuminate/Session/Store.php(116): Illuminate\\Session\\Store->readFromHandler()
#9 /var/www/html/vendor/laravel/framework/src/Illuminate/Session/Store.php(100): Illuminate\\Session\\Store->loadSession()
#10 /var/www/html/vendor/laravel/framework/src/Illuminate/Session/Middleware/StartSession.php(146): Illuminate\\Session\\Store->start()
#11 /var/www/html/vendor/laravel/framework/src/Illuminate/Support/helpers.php(393): Illuminate\\Session\\Middleware\\StartSession->{closure:Illuminate\\Session\\Middleware\\StartSession::startSession():143}(Object(Illuminate\\Session\\Store))
#12 /var/www/html/vendor/laravel/framework/src/Illuminate/Session/Middleware/StartSession.php(143): tap(Object(Illuminate\\Session\\Store), Object(Closure))
#13 /var/www/html/vendor/laravel/framework/src/Illuminate/Session/Middleware/StartSession.php(115): Illuminate\\Session\\Middleware\\StartSession->startSession(Object(Illuminate\\Http\\Request), Object(Illuminate\\Session\\Store))
#14 /var/www/html/vendor/laravel/framework/src/Illuminate/Session/Middleware/StartSession.php(63): Illuminate\\Session\\Middleware\\StartSession->handleStatefulRequest(Object(Illuminate\\Http\\Request), Object(Illuminate\\Session\\Store), Object(Closure))
#15 /var/www/html/vendor/laravel/framework/src/Illuminate/Pipeline/Pipeline.php(219): Illuminate\\Session\\Middleware\\StartSession->handle(Object(Illuminate\\Http\\Request), Object(Closure))
#16 /var/www/html/vendor/laravel/framework/src/Illuminate/Cookie/Middleware/AddQueuedCookiesToResponse.php(36): Illuminate\\Pipeline\\Pipeline->{closure:{closure:Illuminate\\Pipeline\\Pipeline::carry():194}:195}(Object(Illuminate\\Http\\Request))
#17 /var/www/html/vendor/laravel/framework/src/Illuminate/Pipeline/Pipeline.php(219): Illuminate\\Cookie\\Middleware\\AddQueuedCookiesToResponse->handle(Object(Illuminate\\Http\\Request), Object(Closure))
#18 /var/www/html/vendor/laravel/framework/src/Illuminate/Cookie/Middleware/EncryptCookies.php(74): Illuminate\\Pipeline\\Pipeline->{closure:{closure:Illuminate\\Pipeline\\Pipeline::carry():194}:195}(Object(Illuminate\\Http\\Request))
#19 /var/www/html/vendor/laravel/framework/src/Illuminate/Pipeline/Pipeline.php(219): Illuminate\\Cookie\\Middleware\\EncryptCookies->handle(Object(Illuminate\\Http\\Request), Object(Closure))
#20 /var/www/html/vendor/laravel/framework/src/Illuminate/Pipeline/Pipeline.php(137): Illuminate\\Pipeline\\Pipeline->{closure:{closure:Illuminate\\Pipeline\\Pipeline::carry():194}:195}(Object(Illuminate\\Http\\Request))
#21 /var/www/html/vendor/laravel/framework/src/Illuminate/Routing/Router.php(821): Illuminate\\Pipeline\\Pipeline->then(Object(Closure))
#22 /var/www/html/vendor/laravel/framework/src/Illuminate/Routing/Router.php(800): Illuminate\\Routing\\Router->runRouteWithinStack(Object(Illuminate\\Routing\\Route), Object(Illuminate\\Http\\Request))
#23 /var/www/html/vendor/laravel/framework/src/Illuminate/Routing/Router.php(764): Illuminate\\Routing\\Router->runRoute(Object(Illuminate\\Http\\Request), Object(Illuminate\\Routing\\Route))
#24 /var/www/html/vendor/laravel/framework/src/Illuminate/Routing/Router.php(753): Illuminate\\Routing\\Router->dispatchToRoute(Object(Illuminate\\Http\\Request))
#25 /var/www/html/vendor/laravel/framework/src/Illuminate/Foundation/Http/Kernel.php(200): Illuminate\\Routing\\Router->dispatch(Object(Illuminate\\Http\\Request))
#26 /var/www/html/vendor/laravel/framework/src/Illuminate/Pipeline/Pipeline.php(180): Illuminate\\Foundation\\Http\\Kernel->{closure:Illuminate\\Foundation\\Http\\Kernel::dispatchToRouter():197}(Object(Illuminate\\Http\\Request))
#27 /var/www/html/vendor/laravel/framework/src/Illuminate/Foundation/Http/Middleware/TransformsRequest.php(21): Illuminate\\Pipeline\\Pipeline->{closure:Illuminate\\Pipeline\\Pipeline::prepareDestination():178}(Object(Illuminate\\Http\\Request))
#28 /var/www/html/vendor/laravel/framework/src/Illuminate/Foundation/Http/Middleware/ConvertEmptyStringsToNull.php(31): Illuminate\\Foundation\\Http\\Middleware\\TransformsRequest->handle(Object(Illuminate\\Http\\Request), Object(Closure))
#29 /var/www/html/vendor/laravel/framework/src/Illuminate/Pipeline/Pipeline.php(219): Illuminate\\Foundation\\Http\\Middleware\\ConvertEmptyStringsToNull->handle(Object(Illuminate\\Http\\Request), Object(Closure))
#30 /var/www/html/vendor/laravel/framework/src/Illuminate/Foundation/Http/Middleware/TransformsRequest.php(21): Illuminate\\Pipeline\\Pipeline->{closure:{closure:Illuminate\\Pipeline\\Pipeline::carry():194}:195}(Object(Illuminate\\Http\\Request))
#31 /var/www/html/vendor/laravel/framework/src/Illuminate/Foundation/Http/Middleware/TrimStrings.php(51): Illuminate\\Foundation\\Http\\Middleware\\TransformsRequest->handle(Object(Illuminate\\Http\\Request), Object(Closure))
#32 /var/www/html/vendor/laravel/framework/src/Illuminate/Pipeline/Pipeline.php(219): Illuminate\\Foundation\\Http\\Middleware\\TrimStrings->handle(Object(Illuminate\\Http\\Request), Object(Closure))
#33 /var/www/html/vendor/laravel/framework/src/Illuminate/Http/Middleware/ValidatePostSize.php(27): Illuminate\\Pipeline\\Pipeline->{closure:{closure:Illuminate\\Pipeline\\Pipeline::carry():194}:195}(Object(Illuminate\\Http\\Request))
#34 /var/www/html/vendor/laravel/framework/src/Illuminate/Pipeline/Pipeline.php(219): Illuminate\\Http\\Middleware\\ValidatePostSize->handle(Object(Illuminate\\Http\\Request), Object(Closure))
#35 /var/www/html/vendor/laravel/framework/src/Illuminate/Foundation/Http/Middleware/PreventRequestsDuringMaintenance.php(110): Illuminate\\Pipeline\\Pipeline->{closure:{closure:Illuminate\\Pipeline\\Pipeline::carry():194}:195}(Object(Illuminate\\Http\\Request))
#36 /var/www/html/vendor/laravel/framework/src/Illuminate/Pipeline/Pipeline.php(219): Illuminate\\Foundation\\Http\\Middleware\\PreventRequestsDuringMaintenance->handle(Object(Illuminate\\Http\\Request), Object(Closure))
#37 /var/www/html/vendor/laravel/framework/src/Illuminate/Http/Middleware/HandleCors.php(61): Illuminate\\Pipeline\\Pipeline->{closure:{closure:Illuminate\\Pipeline\\Pipeline::carry():194}:195}(Object(Illuminate\\Http\\Request))
#38 /var/www/html/vendor/laravel/framework/src/Illuminate/Pipeline/Pipeline.php(219): Illuminate\\Http\\Middleware\\HandleCors->handle(Object(Illuminate\\Http\\Request), Object(Closure))
#39 /var/www/html/vendor/laravel/framework/src/Illuminate/Http/Middleware/TrustProxies.php(58): Illuminate\\Pipeline\\Pipeline->{closure:{closure:Illuminate\\Pipeline\\Pipeline::carry():194}:195}(Object(Illuminate\\Http\\Request))
#40 /var/www/html/vendor/laravel/framework/src/Illuminate/Pipeline/Pipeline.php(219): Illuminate\\Http\\Middleware\\TrustProxies->handle(Object(Illuminate\\Http\\Request), Object(Closure))
#41 /var/www/html/vendor/laravel/framework/src/Illuminate/Foundation/Http/Middleware/InvokeDeferredCallbacks.php(22): Illuminate\\Pipeline\\Pipeline->{closure:{closure:Illuminate\\Pipeline\\Pipeline::carry():194}:195}(Object(Illuminate\\Http\\Request))
#42 /var/www/html/vendor/laravel/framework/src/Illuminate/Pipeline/Pipeline.php(219): Illuminate\\Foundation\\Http\\Middleware\\InvokeDeferredCallbacks->handle(Object(Illuminate\\Http\\Request), Object(Closure))
#43 /var/www/html/vendor/laravel/framework/src/Illuminate/Http/Middleware/ValidatePathEncoding.php(28): Illuminate\\Pipeline\\Pipeline->{closure:{closure:Illuminate\\Pipeline\\Pipeline::carry():194}:195}(Object(Illuminate\\Http\\Request))
#44 /var/www/html/vendor/laravel/framework/src/Illuminate/Pipeline/Pipeline.php(219): Illuminate\\Http\\Middleware\\ValidatePathEncoding->handle(Object(Illuminate\\Http\\Request), Object(Closure))
#45 /var/www/html/vendor/laravel/framework/src/Illuminate/Pipeline/Pipeline.php(137): Illuminate\\Pipeline\\Pipeline->{closure:{closure:Illuminate\\Pipeline\\Pipeline::carry():194}:195}(Object(Illuminate\\Http\\Request))
#46 /var/www/html/vendor/laravel/framework/src/Illuminate/Foundation/Http/Kernel.php(175): Illuminate\\Pipeline\\Pipeline->then(Object(Closure))
#47 /var/www/html/vendor/laravel/framework/src/Illuminate/Foundation/Http/Kernel.php(144): Illuminate\\Foundation\\Http\\Kernel->sendRequestThroughRouter(Object(Illuminate\\Http\\Request))
#48 /var/www/html/vendor/laravel/framework/src/Illuminate/Foundation/Application.php(1227): Illuminate\\Foundation\\Http\\Kernel->handle(Object(Illuminate\\Http\\Request))
#49 /var/www/html/public/index.php(20): Illuminate\\Foundation\\Application->handleRequest(Object(Illuminate\\Http\\Request))
#50 {main}

[previous exception] [object] (PDOException(code: 42S02): SQLSTATE[42S02]: Base table or view not found: 1146 Table 'bulut_filo_yonetimi.sessions' doesn't exist at /var/www/html/vendor/laravel/framework/src/Illuminate/Database/Connection.php:435)
[stacktrace]
#0 /var/www/html/vendor/laravel/framework/src/Illuminate/Database/Connection.php(435): PDO->prepare('select * from `...')
#1 /var/www/html/vendor/laravel/framework/src/Illuminate/Database/Connection.php(846): Illuminate\\Database\\Connection->{closure:Illuminate\\Database\\Connection::select():426}('select * from `...', Array)
#2 /var/www/html/vendor/laravel/framework/src/Illuminate/Database/Connection.php(813): Illuminate\\Database\\Connection->runQueryCallback('select * from `...', Array, Object(Closure))
#3 /var/www/html/vendor/laravel/framework/src/Illuminate/Database/Connection.php(426): Illuminate\\Database\\Connection->run('select * from `...', Array, Object(Closure))
#4 /var/www/html/vendor/laravel/framework/src/Illuminate/Database/Query/Builder.php(3573): Illuminate\\Database\\Connection->select('select * from `...', Array, false, Array)
#5 /var/www/html/vendor/laravel/framework/src/Illuminate/Database/Query/Builder.php(3557): Illuminate\\Database\\Query\\Builder->runSelect()
#6 /var/www/html/vendor/laravel/framework/src/Illuminate/Database/Concerns/BuildsQueries.php(366): Illuminate\\Database\\Query\\Builder->get(Array)
#7 /var/www/html/vendor/laravel/framework/src/Illuminate/Database/Query/Builder.php(3475): Illuminate\\Database\\Query\\Builder->first(Array)
#8 /var/www/html/vendor/laravel/framework/src/Illuminate/Session/DatabaseSessionHandler.php(96): Illuminate\\Database\\Query\\Builder->find('AzMtNEUQCSFBwub...')
#9 /var/www/html/vendor/laravel/framework/src/Illuminate/Session/Store.php(128): Illuminate\\Session\\DatabaseSessionHandler->read('AzMtNEUQCSFBwub...')
#10 /var/www/html/vendor/laravel/framework/src/Illuminate/Session/Store.php(116): Illuminate\\Session\\Store->readFromHandler()
#11 /var/www/html/vendor/laravel/framework/src/Illuminate/Session/Store.php(100): Illuminate\\Session\\Store->loadSession()
#12 /var/www/html/vendor/laravel/framework/src/Illuminate/Session/Middleware/StartSession.php(146): Illuminate\\Session\\Store->start()
#13 /var/www/html/vendor/laravel/framework/src/Illuminate/Support/helpers.php(393): Illuminate\\Session\\Middleware\\StartSession->{closure:Illuminate\\Session\\Middleware\\StartSession::startSession():143}(Object(Illuminate\\Session\\Store))
#14 /var/www/html/vendor/laravel/framework/src/Illuminate/Session/Middleware/StartSession.php(143): tap(Object(Illuminate\\Session\\Store), Object(Closure))
#15 /var/www/html/vendor/laravel/framework/src/Illuminate/Session/Middleware/StartSession.php(115): Illuminate\\Session\\Middleware\\StartSession->startSession(Object(Illuminate\\Http\\Request), Object(Illuminate\\Session\\Store))
#16 /var/www/html/vendor/laravel/framework/src/Illuminate/Session/Middleware/StartSession.php(63): Illuminate\\Session\\Middleware\\StartSession->handleStatefulRequest(Object(Illuminate\\Http\\Request), Object(Illuminate\\Session\\Store), Object(Closure))
#17 /var/www/html/vendor/laravel/framework/src/Illuminate/Pipeline/Pipeline.php(219): Illuminate\\Session\\Middleware\\StartSession->handle(Object(Illuminate\\Http\\Request), Object(Closure))
#18 /var/www/html/vendor/laravel/framework/src/Illuminate/Cookie/Middleware/AddQueuedCookiesToResponse.php(36): Illuminate\\Pipeline\\Pipeline->{closure:{closure:Illuminate\\Pipeline\\Pipeline::carry():194}:195}(Object(Illuminate\\Http\\Request))
#19 /var/www/html/vendor/laravel/framework/src/Illuminate/Pipeline/Pipeline.php(219): Illuminate\\Cookie\\Middleware\\AddQueuedCookiesToResponse->handle(Object(Illuminate\\Http\\Request), Object(Closure))
#20 /var/www/html/vendor/laravel/framework/src/Illuminate/Cookie/Middleware/EncryptCookies.php(74): Illuminate\\Pipeline\\Pipeline->{closure:{closure:Illuminate\\Pipeline\\Pipeline::carry():194}:195}(Object(Illuminate\\Http\\Request))
#21 /var/www/html/vendor/laravel/framework/src/Illuminate/Pipeline/Pipeline.php(219): Illuminate\\Cookie\\Middleware\\EncryptCookies->handle(Object(Illuminate\\Http\\Request), Object(Closure))
#22 /var/www/html/vendor/laravel/framework/src/Illuminate/Pipeline/Pipeline.php(137): Illuminate\\Pipeline\\Pipeline->{closure:{closure:Illuminate\\Pipeline\\Pipeline::carry():194}:195}(Object(Illuminate\\Http\\Request))
#23 /var/www/html/vendor/laravel/framework/src/Illuminate/Routing/Router.php(821): Illuminate\\Pipeline\\Pipeline->then(Object(Closure))
#24 /var/www/html/vendor/laravel/framework/src/Illuminate/Routing/Router.php(800): Illuminate\\Routing\\Router->runRouteWithinStack(Object(Illuminate\\Routing\\Route), Object(Illuminate\\Http\\Request))
#25 /var/www/html/vendor/laravel/framework/src/Illuminate/Routing/Router.php(764): Illuminate\\Routing\\Router->runRoute(Object(Illuminate\\Http\\Request), Object(Illuminate\\Routing\\Route))
#26 /var/www/html/vendor/laravel/framework/src/Illuminate/Routing/Router.php(753): Illuminate\\Routing\\Router->dispatchToRoute(Object(Illuminate\\Http\\Request))
#27 /var/www/html/vendor/laravel/framework/src/Illuminate/Foundation/Http/Kernel.php(200): Illuminate\\Routing\\Router->dispatch(Object(Illuminate\\Http\\Request))
#28 /var/www/html/vendor/laravel/framework/src/Illuminate/Pipeline/Pipeline.php(180): Illuminate\\Foundation\\Http\\Kernel->{closure:Illuminate\\Foundation\\Http\\Kernel::dispatchToRouter():197}(Object(Illuminate\\Http\\Request))
#29 /var/www/html/vendor/laravel/framework/src/Illuminate/Foundation/Http/Middleware/TransformsRequest.php(21): Illuminate\\Pipeline\\Pipeline->{closure:Illuminate\\Pipeline\\Pipeline::prepareDestination():178}(Object(Illuminate\\Http\\Request))
#30 /var/www/html/vendor/laravel/framework/src/Illuminate/Foundation/Http/Middleware/ConvertEmptyStringsToNull.php(31): Illuminate\\Foundation\\Http\\Middleware\\TransformsRequest->handle(Object(Illuminate\\Http\\Request), Object(Closure))
#31 /var/www/html/vendor/laravel/framework/src/Illuminate/Pipeline/Pipeline.php(219): Illuminate\\Foundation\\Http\\Middleware\\ConvertEmptyStringsToNull->handle(Object(Illuminate\\Http\\Request), Object(Closure))
#32 /var/www/html/vendor/laravel/framework/src/Illuminate/Foundation/Http/Middleware/TransformsRequest.php(21): Illuminate\\Pipeline\\Pipeline->{closure:{closure:Illuminate\\Pipeline\\Pipeline::carry():194}:195}(Object(Illuminate\\Http\\Request))
#33 /var/www/html/vendor/laravel/framework/src/Illuminate/Foundation/Http/Middleware/TrimStrings.php(51): Illuminate\\Foundation\\Http\\Middleware\\TransformsRequest->handle(Object(Illuminate\\Http\\Request), Object(Closure))
#34 /var/www/html/vendor/laravel/framework/src/Illuminate/Pipeline/Pipeline.php(219): Illuminate\\Foundation\\Http\\Middleware\\TrimStrings->handle(Object(Illuminate\\Http\\Request), Object(Closure))
#35 /var/www/html/vendor/laravel/framework/src/Illuminate/Http/Middleware/ValidatePostSize.php(27): Illuminate\\Pipeline\\Pipeline->{closure:{closure:Illuminate\\Pipeline\\Pipeline::carry():194}:195}(Object(Illuminate\\Http\\Request))
#36 /var/www/html/vendor/laravel/framework/src/Illuminate/Pipeline/Pipeline.php(219): Illuminate\\Http\\Middleware\\ValidatePostSize->handle(Object(Illuminate\\Http\\Request), Object(Closure))
#37 /var/www/html/vendor/laravel/framework/src/Illuminate/Foundation/Http/Middleware/PreventRequestsDuringMaintenance.php(110): Illuminate\\Pipeline\\Pipeline->{closure:{closure:Illuminate\\Pipeline\\Pipeline::carry():194}:195}(Object(Illuminate\\Http\\Request))
#38 /var/www/html/vendor/laravel/framework/src/Illuminate/Pipeline/Pipeline.php(219): Illuminate\\Foundation\\Http\\Middleware\\PreventRequestsDuringMaintenance->handle(Object(Illuminate\\Http\\Request), Object(Closure))
#39 /var/www/html/vendor/laravel/framework/src/Illuminate/Http/Middleware/HandleCors.php(61): Illuminate\\Pipeline\\Pipeline->{closure:{closure:Illuminate\\Pipeline\\Pipeline::carry():194}:195}(Object(Illuminate\\Http\\Request))
#40 /var/www/html/vendor/laravel/framework/src/Illuminate/Pipeline/Pipeline.php(219): Illuminate\\Http\\Middleware\\HandleCors->handle(Object(Illuminate\\Http\\Request), Object(Closure))
#41 /var/www/html/vendor/laravel/framework/src/Illuminate/Http/Middleware/TrustProxies.php(58): Illuminate\\Pipeline\\Pipeline->{closure:{closure:Illuminate\\Pipeline\\Pipeline::carry():194}:195}(Object(Illuminate\\Http\\Request))
#42 /var/www/html/vendor/laravel/framework/src/Illuminate/Pipeline/Pipeline.php(219): Illuminate\\Http\\Middleware\\TrustProxies->handle(Object(Illuminate\\Http\\Request), Object(Closure))
#43 /var/www/html/vendor/laravel/framework/src/Illuminate/Foundation/Http/Middleware/InvokeDeferredCallbacks.php(22): Illuminate\\Pipeline\\Pipeline->{closure:{closure:Illuminate\\Pipeline\\Pipeline::carry():194}:195}(Object(Illuminate\\Http\\Request))
#44 /var/www/html/vendor/laravel/framework/src/Illuminate/Pipeline/Pipeline.php(219): Illuminate\\Foundation\\Http\\Middleware\\InvokeDeferredCallbacks->handle(Object(Illuminate\\Http\\Request), Object(Closure))
#45 /var/www/html/vendor/laravel/framework/src/Illuminate/Http/Middleware/ValidatePathEncoding.php(28): Illuminate\\Pipeline\\Pipeline->{closure:{closure:Illuminate\\Pipeline\\Pipeline::carry():194}:195}(Object(Illuminate\\Http\\Request))
#46 /var/www/html/vendor/laravel/framework/src/Illuminate/Pipeline/Pipeline.php(219): Illuminate\\Http\\Middleware\\ValidatePathEncoding->handle(Object(Illuminate\\Http\\Request), Object(Closure))
#47 /var/www/html/vendor/laravel/framework/src/Illuminate/Pipeline/Pipeline.php(137): Illuminate\\Pipeline\\Pipeline->{closure:{closure:Illuminate\\Pipeline\\Pipeline::carry():194}:195}(Object(Illuminate\\Http\\Request))
#48 /var/www/html/vendor/laravel/framework/src/Illuminate/Foundation/Http/Kernel.php(175): Illuminate\\Pipeline\\Pipeline->then(Object(Closure))
#49 /var/www/html/vendor/laravel/framework/src/Illuminate/Foundation/Http/Kernel.php(144): Illuminate\\Foundation\\Http\\Kernel->sendRequestThroughRouter(Object(Illuminate\\Http\\Request))
#50 /var/www/html/vendor/laravel/framework/src/Illuminate/Foundation/Application.php(1227): Illuminate\\Foundation\\Http\\Kernel->handle(Object(Illuminate\\Http\\Request))
#51 /var/www/html/public/index.php(20): Illuminate\\Foundation\\Application->handleRequest(Object(Illuminate\\Http\\Request))
#52 {main}
"} 
[2026-08-24 12:36:41] local.ERROR: SQLSTATE[42S02]: Base table or view not found: 1146 Table 'bulut_filo_yonetimi.sessions' doesn't exist (Connection: mysql, Host: mysql, Port: 3306, Database: bulut_filo_yonetimi, SQL: select * from `sessions` where `id` = xgsO90TlS0z4eXxMMBGgQpvL3Uhe7kfj4yCtKnhE limit 1) {"exception":"[object] (Illuminate\\Database\\QueryException(code: 42S02): SQLSTATE[42S02]: Base table or view not found: 1146 Table 'bulut_filo_yonetimi.sessions' doesn't exist (Connection: mysql, Host: mysql, Port: 3306, Database: bulut_filo_yonetimi, SQL: select * from `sessions` where `id` = xgsO90TlS0z4eXxMMBGgQpvL3Uhe7kfj4yCtKnhE limit 1) at /var/www/html/vendor/laravel/framework/src/Illuminate/Database/Connection.php:857)
[stacktrace]
#0 /var/www/html/vendor/laravel/framework/src/Illuminate/Database/Connection.php(813): Illuminate\\Database\\Connection->runQueryCallback('select * from `...', Array, Object(Closure))
#1 /var/www/html/vendor/laravel/framework/src/Illuminate/Database/Connection.php(426): Illuminate\\Database\\Connection->run('select * from `...', Array, Object(Closure))
#2 /var/www/html/vendor/laravel/framework/src/Illuminate/Database/Query/Builder.php(3573): Illuminate\\Database\\Connection->select('select * from `...', Array, false, Array)
#3 /var/www/html/vendor/laravel/framework/src/Illuminate/Database/Query/Builder.php(3557): Illuminate\\Database\\Query\\Builder->runSelect()
#4 /var/www/html/vendor/laravel/framework/src/Illuminate/Database/Concerns/BuildsQueries.php(366): Illuminate\\Database\\Query\\Builder->get(Array)
#5 /var/www/html/vendor/laravel/framework/src/Illuminate/Database/Query/Builder.php(3475): Illuminate\\Database\\Query\\Builder->first(Array)
#6 /var/www/html/vendor/laravel/framework/src/Illuminate/Session/DatabaseSessionHandler.php(96): Illuminate\\Database\\Query\\Builder->find('xgsO90TlS0z4eXx...')
#7 /var/www/html/vendor/laravel/framework/src/Illuminate/Session/Store.php(128): Illuminate\\Session\\DatabaseSessionHandler->read('xgsO90TlS0z4eXx...')
#8 /var/www/html/vendor/laravel/framework/src/Illuminate/Session/Store.php(116): Illuminate\\Session\\Store->readFromHandler()
#9 /var/www/html/vendor/laravel/framework/src/Illuminate/Session/Store.php(100): Illuminate\\Session\\Store->loadSession()
#10 /var/www/html/vendor/laravel/framework/src/Illuminate/Session/Middleware/StartSession.php(146): Illuminate\\Session\\Store->start()
#11 /var/www/html/vendor/laravel/framework/src/Illuminate/Support/helpers.php(393): Illuminate\\Session\\Middleware\\StartSession->{closure:Illuminate\\Session\\Middleware\\StartSession::startSession():143}(Object(Illuminate\\Session\\Store))
#12 /var/www/html/vendor/laravel/framework/src/Illuminate/Session/Middleware/StartSession.php(143): tap(Object(Illuminate\\Session\\Store), Object(Closure))
#13 /var/www/html/vendor/laravel/framework/src/Illuminate/Session/Middleware/StartSession.php(115): Illuminate\\Session\\Middleware\\StartSession->startSession(Object(Illuminate\\Http\\Request), Object(Illuminate\\Session\\Store))
#14 /var/www/html/vendor/laravel/framework/src/Illuminate/Session/Middleware/StartSession.php(63): Illuminate\\Session\\Middleware\\StartSession->handleStatefulRequest(Object(Illuminate\\Http\\Request), Object(Illuminate\\Session\\Store), Object(Closure))
#15 /var/www/html/vendor/laravel/framework/src/Illuminate/Pipeline/Pipeline.php(219): Illuminate\\Session\\Middleware\\StartSession->handle(Object(Illuminate\\Http\\Request), Object(Closure))
#16 /var/www/html/vendor/laravel/framework/src/Illuminate/Cookie/Middleware/AddQueuedCookiesToResponse.php(36): Illuminate\\Pipeline\\Pipeline->{closure:{closure:Illuminate\\Pipeline\\Pipeline::carry():194}:195}(Object(Illuminate\\Http\\Request))
#17 /var/www/html/vendor/laravel/framework/src/Illuminate/Pipeline/Pipeline.php(219): Illuminate\\Cookie\\Middleware\\AddQueuedCookiesToResponse->handle(Object(Illuminate\\Http\\Request), Object(Closure))
#18 /var/www/html/vendor/laravel/framework/src/Illuminate/Cookie/Middleware/EncryptCookies.php(74): Illuminate\\Pipeline\\Pipeline->{closure:{closure:Illuminate\\Pipeline\\Pipeline::carry():194}:195}(Object(Illuminate\\Http\\Request))
#19 /var/www/html/vendor/laravel/framework/src/Illuminate/Pipeline/Pipeline.php(219): Illuminate\\Cookie\\Middleware\\EncryptCookies->handle(Object(Illuminate\\Http\\Request), Object(Closure))
#20 /var/www/html/vendor/laravel/framework/src/Illuminate/Pipeline/Pipeline.php(137): Illuminate\\Pipeline\\Pipeline->{closure:{closure:Illuminate\\Pipeline\\Pipeline::carry():194}:195}(Object(Illuminate\\Http\\Request))
#21 /var/www/html/vendor/laravel/framework/src/Illuminate/Routing/Router.php(821): Illuminate\\Pipeline\\Pipeline->then(Object(Closure))
#22 /var/www/html/vendor/laravel/framework/src/Illuminate/Routing/Router.php(800): Illuminate\\Routing\\Router->runRouteWithinStack(Object(Illuminate\\Routing\\Route), Object(Illuminate\\Http\\Request))
#23 /var/www/html/vendor/laravel/framework/src/Illuminate/Routing/Router.php(764): Illuminate\\Routing\\Router->runRoute(Object(Illuminate\\Http\\Request), Object(Illuminate\\Routing\\Route))
#24 /var/www/html/vendor/laravel/framework/src/Illuminate/Routing/Router.php(753): Illuminate\\Routing\\Router->dispatchToRoute(Object(Illuminate\\Http\\Request))
#25 /var/www/html/vendor/laravel/framework/src/Illuminate/Foundation/Http/Kernel.php(200): Illuminate\\Routing\\Router->dispatch(Object(Illuminate\\Http\\Request))
#26 /var/www/html/vendor/laravel/framework/src/Illuminate/Pipeline/Pipeline.php(180): Illuminate\\Foundation\\Http\\Kernel->{closure:Illuminate\\Foundation\\Http\\Kernel::dispatchToRouter():197}(Object(Illuminate\\Http\\Request))
#27 /var/www/html/vendor/laravel/framework/src/Illuminate/Foundation/Http/Middleware/TransformsRequest.php(21): Illuminate\\Pipeline\\Pipeline->{closure:Illuminate\\Pipeline\\Pipeline::prepareDestination():178}(Object(Illuminate\\Http\\Request))
#28 /var/www/html/vendor/laravel/framework/src/Illuminate/Foundation/Http/Middleware/ConvertEmptyStringsToNull.php(31): Illuminate\\Foundation\\Http\\Middleware\\TransformsRequest->handle(Object(Illuminate\\Http\\Request), Object(Closure))
#29 /var/www/html/vendor/laravel/framework/src/Illuminate/Pipeline/Pipeline.php(219): Illuminate\\Foundation\\Http\\Middleware\\ConvertEmptyStringsToNull->handle(Object(Illuminate\\Http\\Request), Object(Closure))
#30 /var/www/html/vendor/laravel/framework/src/Illuminate/Foundation/Http/Middleware/TransformsRequest.php(21): Illuminate\\Pipeline\\Pipeline->{closure:{closure:Illuminate\\Pipeline\\Pipeline::carry():194}:195}(Object(Illuminate\\Http\\Request))
#31 /var/www/html/vendor/laravel/framework/src/Illuminate/Foundation/Http/Middleware/TrimStrings.php(51): Illuminate\\Foundation\\Http\\Middleware\\TransformsRequest->handle(Object(Illuminate\\Http\\Request), Object(Closure))
#32 /var/www/html/vendor/laravel/framework/src/Illuminate/Pipeline/Pipeline.php(219): Illuminate\\Foundation\\Http\\Middleware\\TrimStrings->handle(Object(Illuminate\\Http\\Request), Object(Closure))
#33 /var/www/html/vendor/laravel/framework/src/Illuminate/Http/Middleware/ValidatePostSize.php(27): Illuminate\\Pipeline\\Pipeline->{closure:{closure:Illuminate\\Pipeline\\Pipeline::carry():194}:195}(Object(Illuminate\\Http\\Request))
#34 /var/www/html/vendor/laravel/framework/src/Illuminate/Pipeline/Pipeline.php(219): Illuminate\\Http\\Middleware\\ValidatePostSize->handle(Object(Illuminate\\Http\\Request), Object(Closure))
#35 /var/www/html/vendor/laravel/framework/src/Illuminate/Foundation/Http/Middleware/PreventRequestsDuringMaintenance.php(110): Illuminate\\Pipeline\\Pipeline->{closure:{closure:Illuminate\\Pipeline\\Pipeline::carry():194}:195}(Object(Illuminate\\Http\\Request))
#36 /var/www/html/vendor/laravel/framework/src/Illuminate/Pipeline/Pipeline.php(219): Illuminate\\Foundation\\Http\\Middleware\\PreventRequestsDuringMaintenance->handle(Object(Illuminate\\Http\\Request), Object(Closure))
#37 /var/www/html/vendor/laravel/framework/src/Illuminate/Http/Middleware/HandleCors.php(61): Illuminate\\Pipeline\\Pipeline->{closure:{closure:Illuminate\\Pipeline\\Pipeline::carry():194}:195}(Object(Illuminate\\Http\\Request))
#38 /var/www/html/vendor/laravel/framework/src/Illuminate/Pipeline/Pipeline.php(219): Illuminate\\Http\\Middleware\\HandleCors->handle(Object(Illuminate\\Http\\Request), Object(Closure))
#39 /var/www/html/vendor/laravel/framework/src/Illuminate/Http/Middleware/TrustProxies.php(58): Illuminate\\Pipeline\\Pipeline->{closure:{closure:Illuminate\\Pipeline\\Pipeline::carry():194}:195}(Object(Illuminate\\Http\\Request))
#40 /var/www/html/vendor/laravel/framework/src/Illuminate/Pipeline/Pipeline.php(219): Illuminate\\Http\\Middleware\\TrustProxies->handle(Object(Illuminate\\Http\\Request), Object(Closure))
#41 /var/www/html/vendor/laravel/framework/src/Illuminate/Foundation/Http/Middleware/InvokeDeferredCallbacks.php(22): Illuminate\\Pipeline\\Pipeline->{closure:{closure:Illuminate\\Pipeline\\Pipeline::carry():194}:195}(Object(Illuminate\\Http\\Request))
#42 /var/www/html/vendor/laravel/framework/src/Illuminate/Pipeline/Pipeline.php(219): Illuminate\\Foundation\\Http\\Middleware\\InvokeDeferredCallbacks->handle(Object(Illuminate\\Http\\Request), Object(Closure))
#43 /var/www/html/vendor/laravel/framework/src/Illuminate/Http/Middleware/ValidatePathEncoding.php(28): Illuminate\\Pipeline\\Pipeline->{closure:{closure:Illuminate\\Pipeline\\Pipeline::carry():194}:195}(Object(Illuminate\\Http\\Request))
#44 /var/www/html/vendor/laravel/framework/src/Illuminate/Pipeline/Pipeline.php(219): Illuminate\\Http\\Middleware\\ValidatePathEncoding->handle(Object(Illuminate\\Http\\Request), Object(Closure))
#45 /var/www/html/vendor/laravel/framework/src/Illuminate/Pipeline/Pipeline.php(137): Illuminate\\Pipeline\\Pipeline->{closure:{closure:Illuminate\\Pipeline\\Pipeline::carry():194}:195}(Object(Illuminate\\Http\\Request))
#46 /var/www/html/vendor/laravel/framework/src/Illuminate/Foundation/Http/Kernel.php(175): Illuminate\\Pipeline\\Pipeline->then(Object(Closure))
#47 /var/www/html/vendor/laravel/framework/src/Illuminate/Foundation/Http/Kernel.php(144): Illuminate\\Foundation\\Http\\Kernel->sendRequestThroughRouter(Object(Illuminate\\Http\\Request))
#48 /var/www/html/vendor/laravel/framework/src/Illuminate/Foundation/Application.php(1227): Illuminate\\Foundation\\Http\\Kernel->handle(Object(Illuminate\\Http\\Request))
#49 /var/www/html/public/index.php(20): Illuminate\\Foundation\\Application->handleRequest(Object(Illuminate\\Http\\Request))
#50 {main}

[previous exception] [object] (PDOException(code: 42S02): SQLSTATE[42S02]: Base table or view not found: 1146 Table 'bulut_filo_yonetimi.sessions' doesn't exist at /var/www/html/vendor/laravel/framework/src/Illuminate/Database/Connection.php:435)
[stacktrace]
#0 /var/www/html/vendor/laravel/framework/src/Illuminate/Database/Connection.php(435): PDO->prepare('select * from `...')
#1 /var/www/html/vendor/laravel/framework/src/Illuminate/Database/Connection.php(846): Illuminate\\Database\\Connection->{closure:Illuminate\\Database\\Connection::select():426}('select * from `...', Array)
#2 /var/www/html/vendor/laravel/framework/src/Illuminate/Database/Connection.php(813): Illuminate\\Database\\Connection->runQueryCallback('select * from `...', Array, Object(Closure))
#3 /var/www/html/vendor/laravel/framework/src/Illuminate/Database/Connection.php(426): Illuminate\\Database\\Connection->run('select * from `...', Array, Object(Closure))
#4 /var/www/html/vendor/laravel/framework/src/Illuminate/Database/Query/Builder.php(3573): Illuminate\\Database\\Connection->select('select * from `...', Array, false, Array)
#5 /var/www/html/vendor/laravel/framework/src/Illuminate/Database/Query/Builder.php(3557): Illuminate\\Database\\Query\\Builder->runSelect()
#6 /var/www/html/vendor/laravel/framework/src/Illuminate/Database/Concerns/BuildsQueries.php(366): Illuminate\\Database\\Query\\Builder->get(Array)
#7 /var/www/html/vendor/laravel/framework/src/Illuminate/Database/Query/Builder.php(3475): Illuminate\\Database\\Query\\Builder->first(Array)
#8 /var/www/html/vendor/laravel/framework/src/Illuminate/Session/DatabaseSessionHandler.php(96): Illuminate\\Database\\Query\\Builder->find('xgsO90TlS0z4eXx...')
#9 /var/www/html/vendor/laravel/framework/src/Illuminate/Session/Store.php(128): Illuminate\\Session\\DatabaseSessionHandler->read('xgsO90TlS0z4eXx...')
#10 /var/www/html/vendor/laravel/framework/src/Illuminate/Session/Store.php(116): Illuminate\\Session\\Store->readFromHandler()
#11 /var/www/html/vendor/laravel/framework/src/Illuminate/Session/Store.php(100): Illuminate\\Session\\Store->loadSession()
#12 /var/www/html/vendor/laravel/framework/src/Illuminate/Session/Middleware/StartSession.php(146): Illuminate\\Session\\Store->start()
#13 /var/www/html/vendor/laravel/framework/src/Illuminate/Support/helpers.php(393): Illuminate\\Session\\Middleware\\StartSession->{closure:Illuminate\\Session\\Middleware\\StartSession::startSession():143}(Object(Illuminate\\Session\\Store))
#14 /var/www/html/vendor/laravel/framework/src/Illuminate/Session/Middleware/StartSession.php(143): tap(Object(Illuminate\\Session\\Store), Object(Closure))
#15 /var/www/html/vendor/laravel/framework/src/Illuminate/Session/Middleware/StartSession.php(115): Illuminate\\Session\\Middleware\\StartSession->startSession(Object(Illuminate\\Http\\Request), Object(Illuminate\\Session\\Store))
#16 /var/www/html/vendor/laravel/framework/src/Illuminate/Session/Middleware/StartSession.php(63): Illuminate\\Session\\Middleware\\StartSession->handleStatefulRequest(Object(Illuminate\\Http\\Request), Object(Illuminate\\Session\\Store), Object(Closure))
#17 /var/www/html/vendor/laravel/framework/src/Illuminate/Pipeline/Pipeline.php(219): Illuminate\\Session\\Middleware\\StartSession->handle(Object(Illuminate\\Http\\Request), Object(Closure))
#18 /var/www/html/vendor/laravel/framework/src/Illuminate/Cookie/Middleware/AddQueuedCookiesToResponse.php(36): Illuminate\\Pipeline\\Pipeline->{closure:{closure:Illuminate\\Pipeline\\Pipeline::carry():194}:195}(Object(Illuminate\\Http\\Request))
#19 /var/www/html/vendor/laravel/framework/src/Illuminate/Pipeline/Pipeline.php(219): Illuminate\\Cookie\\Middleware\\AddQueuedCookiesToResponse->handle(Object(Illuminate\\Http\\Request), Object(Closure))
#20 /var/www/html/vendor/laravel/framework/src/Illuminate/Cookie/Middleware/EncryptCookies.php(74): Illuminate\\Pipeline\\Pipeline->{closure:{closure:Illuminate\\Pipeline\\Pipeline::carry():194}:195}(Object(Illuminate\\Http\\Request))
#21 /var/www/html/vendor/laravel/framework/src/Illuminate/Pipeline/Pipeline.php(219): Illuminate\\Cookie\\Middleware\\EncryptCookies->handle(Object(Illuminate\\Http\\Request), Object(Closure))
#22 /var/www/html/vendor/laravel/framework/src/Illuminate/Pipeline/Pipeline.php(137): Illuminate\\Pipeline\\Pipeline->{closure:{closure:Illuminate\\Pipeline\\Pipeline::carry():194}:195}(Object(Illuminate\\Http\\Request))
#23 /var/www/html/vendor/laravel/framework/src/Illuminate/Routing/Router.php(821): Illuminate\\Pipeline\\Pipeline->then(Object(Closure))
#24 /var/www/html/vendor/laravel/framework/src/Illuminate/Routing/Router.php(800): Illuminate\\Routing\\Router->runRouteWithinStack(Object(Illuminate\\Routing\\Route), Object(Illuminate\\Http\\Request))
#25 /var/www/html/vendor/laravel/framework/src/Illuminate/Routing/Router.php(764): Illuminate\\Routing\\Router->runRoute(Object(Illuminate\\Http\\Request), Object(Illuminate\\Routing\\Route))
#26 /var/www/html/vendor/laravel/framework/src/Illuminate/Routing/Router.php(753): Illuminate\\Routing\\Router->dispatchToRoute(Object(Illuminate\\Http\\Request))
#27 /var/www/html/vendor/laravel/framework/src/Illuminate/Foundation/Http/Kernel.php(200): Illuminate\\Routing\\Router->dispatch(Object(Illuminate\\Http\\Request))
#28 /var/www/html/vendor/laravel/framework/src/Illuminate/Pipeline/Pipeline.php(180): Illuminate\\Foundation\\Http\\Kernel->{closure:Illuminate\\Foundation\\Http\\Kernel::dispatchToRouter():197}(Object(Illuminate\\Http\\Request))
#29 /var/www/html/vendor/laravel/framework/src/Illuminate/Foundation/Http/Middleware/TransformsRequest.php(21): Illuminate\\Pipeline\\Pipeline->{closure:Illuminate\\Pipeline\\Pipeline::prepareDestination():178}(Object(Illuminate\\Http\\Request))
#30 /var/www/html/vendor/laravel/framework/src/Illuminate/Foundation/Http/Middleware/ConvertEmptyStringsToNull.php(31): Illuminate\\Foundation\\Http\\Middleware\\TransformsRequest->handle(Object(Illuminate\\Http\\Request), Object(Closure))
#31 /var/www/html/vendor/laravel/framework/src/Illuminate/Pipeline/Pipeline.php(219): Illuminate\\Foundation\\Http\\Middleware\\ConvertEmptyStringsToNull->handle(Object(Illuminate\\Http\\Request), Object(Closure))
#32 /var/www/html/vendor/laravel/framework/src/Illuminate/Foundation/Http/Middleware/TransformsRequest.php(21): Illuminate\\Pipeline\\Pipeline->{closure:{closure:Illuminate\\Pipeline\\Pipeline::carry():194}:195}(Object(Illuminate\\Http\\Request))
#33 /var/www/html/vendor/laravel/framework/src/Illuminate/Foundation/Http/Middleware/TrimStrings.php(51): Illuminate\\Foundation\\Http\\Middleware\\TransformsRequest->handle(Object(Illuminate\\Http\\Request), Object(Closure))
#34 /var/www/html/vendor/laravel/framework/src/Illuminate/Pipeline/Pipeline.php(219): Illuminate\\Foundation\\Http\\Middleware\\TrimStrings->handle(Object(Illuminate\\Http\\Request), Object(Closure))
#35 /var/www/html/vendor/laravel/framework/src/Illuminate/Http/Middleware/ValidatePostSize.php(27): Illuminate\\Pipeline\\Pipeline->{closure:{closure:Illuminate\\Pipeline\\Pipeline::carry():194}:195}(Object(Illuminate\\Http\\Request))
#36 /var/www/html/vendor/laravel/framework/src/Illuminate/Pipeline/Pipeline.php(219): Illuminate\\Http\\Middleware\\ValidatePostSize->handle(Object(Illuminate\\Http\\Request), Object(Closure))
#37 /var/www/html/vendor/laravel/framework/src/Illuminate/Foundation/Http/Middleware/PreventRequestsDuringMaintenance.php(110): Illuminate\\Pipeline\\Pipeline->{closure:{closure:Illuminate\\Pipeline\\Pipeline::carry():194}:195}(Object(Illuminate\\Http\\Request))
#38 /var/www/html/vendor/laravel/framework/src/Illuminate/Pipeline/Pipeline.php(219): Illuminate\\Foundation\\Http\\Middleware\\PreventRequestsDuringMaintenance->handle(Object(Illuminate\\Http\\Request), Object(Closure))
#39 /var/www/html/vendor/laravel/framework/src/Illuminate/Http/Middleware/HandleCors.php(61): Illuminate\\Pipeline\\Pipeline->{closure:{closure:Illuminate\\Pipeline\\Pipeline::carry():194}:195}(Object(Illuminate\\Http\\Request))
#40 /var/www/html/vendor/laravel/framework/src/Illuminate/Pipeline/Pipeline.php(219): Illuminate\\Http\\Middleware\\HandleCors->handle(Object(Illuminate\\Http\\Request), Object(Closure))
#41 /var/www/html/vendor/laravel/framework/src/Illuminate/Http/Middleware/TrustProxies.php(58): Illuminate\\Pipeline\\Pipeline->{closure:{closure:Illuminate\\Pipeline\\Pipeline::carry():194}:195}(Object(Illuminate\\Http\\Request))
#42 /var/www/html/vendor/laravel/framework/src/Illuminate/Pipeline/Pipeline.php(219): Illuminate\\Http\\Middleware\\TrustProxies->handle(Object(Illuminate\\Http\\Request), Object(Closure))
#43 /var/www/html/vendor/laravel/framework/src/Illuminate/Foundation/Http/Middleware/InvokeDeferredCallbacks.php(22): Illuminate\\Pipeline\\Pipeline->{closure:{closure:Illuminate\\Pipeline\\Pipeline::carry():194}:195}(Object(Illuminate\\Http\\Request))
#44 /var/www/html/vendor/laravel/framework/src/Illuminate/Pipeline/Pipeline.php(219): Illuminate\\Foundation\\Http\\Middleware\\InvokeDeferredCallbacks->handle(Object(Illuminate\\Http\\Request), Object(Closure))
#45 /var/www/html/vendor/laravel/framework/src/Illuminate/Http/Middleware/ValidatePathEncoding.php(28): Illuminate\\Pipeline\\Pipeline->{closure:{closure:Illuminate\\Pipeline\\Pipeline::carry():194}:195}(Object(Illuminate\\Http\\Request))
#46 /var/www/html/vendor/laravel/framework/src/Illuminate/Pipeline/Pipeline.php(219): Illuminate\\Http\\Middleware\\ValidatePathEncoding->handle(Object(Illuminate\\Http\\Request), Object(Closure))
#47 /var/www/html/vendor/laravel/framework/src/Illuminate/Pipeline/Pipeline.php(137): Illuminate\\Pipeline\\Pipeline->{closure:{closure:Illuminate\\Pipeline\\Pipeline::carry():194}:195}(Object(Illuminate\\Http\\Request))
#48 /var/www/html/vendor/laravel/framework/src/Illuminate/Foundation/Http/Kernel.php(175): Illuminate\\Pipeline\\Pipeline->then(Object(Closure))
#49 /var/www/html/vendor/laravel/framework/src/Illuminate/Foundation/Http/Kernel.php(144): Illuminate\\Foundation\\Http\\Kernel->sendRequestThroughRouter(Object(Illuminate\\Http\\Request))
#50 /var/www/html/vendor/laravel/framework/src/Illuminate/Foundation/Application.php(1227): Illuminate\\Foundation\\Http\\Kernel->handle(Object(Illuminate\\Http\\Request))
#51 /var/www/html/public/index.php(20): Illuminate\\Foundation\\Application->handleRequest(Object(Illuminate\\Http\\Request))
#52 {main}
"} 
